Unnamed: 0.1_x,row_labels,PC1_x,PC2_x,PC3_x,PC4_x,...1_x,Unnamed: 0_x,image_id_x,planting_date_x,genotype_x,treatment_x,pistil_area_x,pistil_circularity_x,bbox_x,segm_x,confidence_x,center_x_x,center_y_x,perimeter_intersect_x,possible_overlap_x,scan_position_x,scan_angle_x,plant_id_x,total_scans_for_sample_x,y_pos_all_overlapped_x,y_pos_all_overlapped_len_standardized_x,mask_id_x,year_x,plant_x,solidity,aspect_ratio,eccentricity,major_axis_length,minor_axis_length,Unnamed: 0.1_y,PC1_y,PC2_y,PC3_y,PC4_y,...1_y,Unnamed: 0_y,image_id_y,planting_date_y,genotype_y,treatment_y,pistil_area_y,pistil_circularity_y,bbox_y,segm_y,confidence_y,center_x_y,center_y_y,perimeter_intersect_y,possible_overlap_y,scan_position_y,scan_angle_y,plant_id_y,total_scans_for_sample_y,y_pos_all_overlapped_y,y_pos_all_overlapped_len_standardized_y,mask_id_y,year_y,plant_y,pistil_class,pistil_class_inferred
27,mask_1009_1,-0.747820685126049,-0.0843815805132796,1.25800250986599,1.6412284898924,1009,4,/work/pi_mbartlett_umass_edu/AmberDeNeve/grass_carpel_ml_quantification_final/data/maize_21UM_data/early_planting/gt1ra3B73/no_treatment/158-4~0500000008.jpg,early_planting,gt1ra3B73,no_treatment,2041,0.790506434607109,[[334.56448 130.10736 373.93436 202.84593]],"{'size': [672, 1008], 'counts': b'Qel6>_d08H7H7J7I5L4K5L3N2N2N2O0O2O00001O000000O2O001O1O1O2M3N2M3N2N1N3M2N4L4L7H<Aglo<'}",0.9748302,354.5,504.0,False,False,5,8,158-4,6,2758.0,0.586309523809524,mask_1009,21,gt1ra3B73_158-4,0.9782934131736528,0.5507246376811594,0.8502303510099896,69.2200927734375,36.43820571899414,27,-0.747820685126049,-0.0843815805132796,1.25800250986599,1.6412284898924,1009,4,/work/pi_mbartlett_umass_edu/AmberDeNeve/grass_carpel_ml_quantification_final/data/maize_21UM_data/early_planting/gt1ra3B73/no_treatment/158-4~0500000008.jpg,early_planting,gt1ra3B73,no_treatment,2041,0.790506434607109,[[334.56448 130.10736 373.93436 202.84593]],"{'size': [672, 1008], 'counts': b'Qel6>_d08H7H7J7I5L4K5L3N2N2N2O0O2O00001O000000O2O001O1O1O2M3N2M3N2N1N3M2N4L4L7H<Aglo<'}",0.9748302,354.5,504.0,False,False,5,8,158-4,6,2758.0,0.586309523809524,mask_1009,21,gt1ra3B73_158-4,not_sure,
255,mask_1113_12,5.42073518268645,-0.741088668419309,0.550147149177822,-3.12795270942991,1113,0,/work/pi_mbartlett_umass_edu/AmberDeNeve/grass_carpel_ml_quantification_final/experiments/maize_24UM/data/late_planting/gt1ra3B73/defoliated/gt1ra3_282-4~0000000008.jpg,late_planting,gt1ra3B73,defoliated,1414,0.6683397672881427,[[469.46887   62.798523 504.23178  128.60217 ]],"{'size': [672, 1008], 'counts': b'fUe9e0Vd08I7B>L4M2O001O000000O3N0O1O1O2N1O1O2M2O2N1O2N1O100O2N2N3M3M4K5KcdZ:'}",0.9929101,487.0,576.0,False,False,0,8,282-4,9,576.0,0.0857142857142857,mask_1113,24,gt1ra3B73_282-4,0.9664864864864864,0.5238095238095238,0.8942571326632407,64.07405090332031,28.67656898498535,255,5.42073518268645,-0.741088668419309,0.550147149177822,-3.12795270942991,1113,0,/work/pi_mbartlett_umass_edu/AmberDeNeve/grass_carpel_ml_quantification_final/experiments/maize_24UM/data/late_planting/gt1ra3B73/defoliated/gt1ra3_282-4~0000000008.jpg,late_planting,gt1ra3B73,defoliated,1414,0.6683397672881427,[[469.46887   62.798523 504.23178  128.60217 ]],"{'size': [672, 1008], 'counts': b'fUe9e0Vd08I7B>L4M2O001O000000O3N0O1O1O2N1O1O2M2O2N1O2N1O100O2N2N3M3M4K5KcdZ:'}",0.9929101,487.0,576.0,False,False,0,8,282-4,9,576.0,0.0857142857142857,mask_1113,24,gt1ra3B73_282-4,tag,
561,mask_1258_1,-1.36505516229132,2.29225107421721,0.33905322892181,1.33486285041472,1258,1,/work/pi_mbartlett_umass_edu/AmberDeNeve/grass_carpel_ml_quantification_final/data/maize_21UM_data/late_planting/gt1ra3B73/defoliated/405-3~0000000008.jpg,late_planting,gt1ra3B73,defoliated,3266,0.69646502566232,[[338.3014  333.98395 390.48337 425.1589 ]],"{'size': [672, 1008], 'counts': b'`jn69Zd0f0D7J5K4L5L3M3M3L3O2M2O1N3N2M3N1O1O00100O2O0O010O1O01O1O2N1O0000M3N21O>B4L1O1OO1002N2M4K6K4K6K5K3L3KRVe<'}",0.9939349,364.0,291.5,False,False,0,8,405-3,7,291.5,0.0541294642857142,mask_1258,21,gt1ra3B73_405-3,0.953783416402356,0.5930232558139535,0.8584574993486429,89.46224212646484,45.88381576538086,561,-1.36505516229132,2.29225107421721,0.33905322892181,1.33486285041472,1258,1,/work/pi_mbartlett_umass_edu/AmberDeNeve/grass_carpel_ml_quantification_final/data/maize_21UM_data/late_planting/gt1ra3B73/defoliated/405-3~0000000008.jpg,late_planting,gt1ra3B73,defoliated,3266,0.69646502566232,[[338.3014  333.98395 390.48337 425.1589 ]],"{'size': [672, 1008], 'counts': b'`jn69Zd0f0D7J5K4L5L3M3M3L3O2M2O1N3N2M3N1O1O00100O2O0O010O1O01O1O2N1O0000M3N21O>B4L1O1OO1002N2M4K6K4K6K5K3L3KRVe<'}",0.9939349,364.0,291.5,False,False,0,8,405-3,7,291.5,0.0541294642857142,mask_1258,21,gt1ra3B73_405-3,normal,
596,mask_1273_12,1.15443308084215,0.543399145474633,-1.19635349066463,-1.20419081698223,1273,2,/work/pi_mbartlett_umass_edu/AmberDeNeve/grass_carpel_ml_quantification_final/experiments/maize_24UM/data/late_planting/gt1ra3B73/defoliated/gt1ra3_283-2~0200000008.jpg,late_planting,gt1ra3B73,defoliated,1877,0.8196333290245066,[[510.97842 255.85661 547.57526 322.0444 ]],"{'size': [672, 1008], 'counts': b'mc_:;\\d0i0]O6K4L2N3N2N1O2N1O2N1O1O1O10001O01O1O001O1O1O1O2M2O1O1O1O0O3M2N4L6I8BYX^9'}",0.9890519,528.5,382.5,False,False,2,8,283-2,8,881.5,0.1456679894179894,mask_1273,24,gt1ra3B73_283-2,0.978798586572438,0.5625,0.8287446413505005,64.60334777832031,36.15377426147461,596,1.15443308084215,0.543399145474633,-1.19635349066463,-1.20419081698223,1273,2,/work/pi_mbartlett_umass_edu/AmberDeNeve/grass_carpel_ml_quantification_final/experiments/maize_24UM/data/late_planting/gt1ra3B73/defoliated/gt1ra3_283-2~0200000008.jpg,late_planting,gt1ra3B73,defoliated,1877,0.8196333290245066,[[510.97842 255.85661 547.57526 322.0444 ]],"{'size': [672, 1008], 'counts': b'mc_:;\\d0i0]O6K4L2N3N2N1O2N1O2N1O1O1O10001O01O1O001O1O1O1O2M2O1O1O1O0O3M2N4L6I8BYX^9'}",0.9890519,528.5,382.5,False,False,2,8,283-2,8,881.5,0.1456679894179894,mask_1273,24,gt1ra3B73_283-2,normal,
625,mask_1287_1,-2.45237816811102,-0.266305717129492,-0.220241311608681,1.35666804294536,1287,2,/work/pi_mbartlett_umass_edu/AmberDeNeve/grass_carpel_ml_quantification_final/data/maize_21UM_data/late_planting/gt1ra3B73/defoliated/405-3~0400000008.jpg,late_planting,gt1ra3B73,defoliated,2924,0.799593435814917,[[342.44763 154.1797  393.3112  233.16724]],"{'size': [672, 1008], 'counts': b'RYQ7o0lc08J5K4M2N3M2N2O2M2O1N2O1O1N2O1O1O1O1O10000O100O10O1000000000001O00000M3J7M2M4M3N2L3O3K4I7L5K5K6K8Ea]c<'}",0.9839521,367.5,477.0,False,False,4,8,405-3,7,2119.0,0.394159226190476,mask_1287,21,gt1ra3B73_405-3,0.9761740331491712,0.6666666666666666,0.823951180290972,80.33750915527344,45.52411651611328,625,-2.45237816811102,-0.266305717129492,-0.220241311608681,1.35666804294536,1287,2,/work/pi_mbartlett_umass_edu/AmberDeNeve/grass_carpel_ml_quantification_final/data/maize_21UM_data/late_planting/gt1ra3B73/defoliated/405-3~0400000008.jpg,late_planting,gt1ra3B73,defoliated,2924,0.799593435814917,[[342.44763 154.1797  393.3112  233.16724]],"{'size': [672, 1008], 'counts': b'RYQ7o0lc08J5K4M2N3M2N2O2M2O1N2O1O1N2O1O1O1O1O10000O100O10O1000000000001O00000M3J7M2M4M3N2L3O3K4I7L5K5K6K8Ea]c<'}",0.9839521,367.5,477.0,False,False,4,8,405-3,7,2119.0,0.394159226190476,mask_1287,21,gt1ra3B73_405-3,normal,
679,mask_1310_12,3.62506788732545,-2.09105512732108,0.958261524998758,0.0966275954877287,1310,0,/work/pi_mbartlett_umass_edu/AmberDeNeve/grass_carpel_ml_quantification_final/experiments/maize_24UM/data/late_planting/gt1ra3B73/defoliated/gt1ra3_283-8~0100000008.jpg,late_planting,gt1ra3B73,defoliated,3213,0.698583885184814,[[364.12222 277.67737 413.3139  379.95435]],"{'size': [672, 1008], 'counts': b'gj_7l0Pd0;F7K4J5L5K5K4L5K4L3M4M3M2O1N2N2O1O10O1O2N3M3M3M1O2N1O2N1O1O1O2N2N1N2O2M3M2N3M3K6L3L9D9H9Eb^W<'}",0.98257726,387.5,342.0,False,False,1,8,283-8,9,418.0,0.0622023809523809,mask_1310,24,gt1ra3B73_283-8,0.9741298212605832,0.4742268041237113,0.891959545604207,94.44710540771484,42.70097351074219,679,3.62506788732545,-2.09105512732108,0.958261524998758,0.0966275954877287,1310,0,/work/pi_mbartlett_umass_edu/AmberDeNeve/grass_carpel_ml_quantification_final/experiments/maize_24UM/data/late_planting/gt1ra3B73/defoliated/gt1ra3_283-8~0100000008.jpg,late_planting,gt1ra3B73,defoliated,3213,0.698583885184814,[[364.12222 277.67737 413.3139  379.95435]],"{'size': [672, 1008], 'counts': b'gj_7l0Pd0;F7K4J5L5K5K4L5K4L3M4M3M2O1N2N2O1O10O1O2N3M3M3M1O2N1O2N1O1O1O2N2N1N2O2M3M2N3M3K6L3L9D9H9Eb^W<'}",0.98257726,387.5,342.0,False,False,1,8,283-8,9,418.0,0.0622023809523809,mask_1310,24,gt1ra3B73_283-8,tag,
704,mask_1322_1,-1.23619429921315,-2.36374524242777,-0.259360094468486,0.9602843748263,1322,0,/work/pi_mbartlett_umass_edu/AmberDeNeve/grass_carpel_ml_quantification_final/data/maize_21UM_data/late_planting/gt1ra3B73/defoliated/405-7~0000000008.jpg,late_planting,gt1ra3B73,defoliated,2813,0.738032238103887,[[425.86154 157.4066  478.4089  240.48921]],"{'size': [672, 1008], 'counts': b'a]h8=_d0=D8H6K2M4M2N2N2O1N2N2N2N2N2N2N2O1N2O1N2O10O01O010O0100O000O2O1O1N1O2N2O1O1M3N2O1M3M4M2M4K5J6K6HPol:'}",0.99562883,451.0,472.5,False,False,0,8,405-7,7,472.5,0.087797619047619,mask_1322,21,gt1ra3B73_405-7,0.9808526011560692,0.6125,0.8875355476606467,86.86353302001953,40.02143859863281,704,-1.23619429921315,-2.36374524242777,-0.259360094468486,0.9602843748263,1322,0,/work/pi_mbartlett_umass_edu/AmberDeNeve/grass_carpel_ml_quantification_final/data/maize_21UM_data/late_planting/gt1ra3B73/defoliated/405-7~0000000008.jpg,late_planting,gt1ra3B73,defoliated,2813,0.738032238103887,[[425.86154 157.4066  478.4089  240.48921]],"{'size': [672, 1008], 'counts': b'a]h8=_d0=D8H6K2M4M2N2N2O1N2N2N2N2N2N2N2O1N2O1N2O10O01O010O0100O000O2O1O1N1O2N2O1O1M3N2O1M3M4M2M4K5J6K6HPol:'}",0.99562883,451.0,472.5,False,False,0,8,405-7,7,472.5,0.087797619047619,mask_1322,21,gt1ra3B73_405-7,normal,
717,mask_1328_12,2.68324260640398,-2.52346779163913,0.920345685824721,-5.19815584540604,1328,2,/work/pi_mbartlett_umass_edu/AmberDeNeve/grass_carpel_ml_quantification_final/experiments/maize_24UM/data/late_planting/gt1ra3B73/defoliated/gt1ra3_283-8~0400000008.jpg,late_planting,gt1ra3B73,defoliated,2131,0.6910509470840689,[[333.8597  116.08862 377.66605 195.92238]],"{'size': [672, 1008], 'counts': b'aZk61dd0h0_[OZOkc0W1F5K4J6L5L2O1O100O2O001OO100O2N1O1O1O1O1O100O100O1O2N2N3M3M3M3M2N2N3M3L4M5J4L5J_bn<'}",0.985987,354.5,515.0,False,False,4,8,283-8,9,2309.0,0.3436011904761905,mask_1328,24,gt1ra3B73_283-8,0.9675739644970416,0.56,0.8953513122567212,78.0318832397461,34.752323150634766,717,2.68324260640398,-2.52346779163913,0.920345685824721,-5.19815584540604,1328,2,/work/pi_mbartlett_umass_edu/AmberDeNeve/grass_carpel_ml_quantification_final/experiments/maize_24UM/data/late_planting/gt1ra3B73/defoliated/gt1ra3_283-8~0400000008.jpg,late_planting,gt1ra3B73,defoliated,2131,0.6910509470840689,[[333.8597  116.08862 377.66605 195.92238]],"{'size': [672, 1008], 'counts': b'aZk61dd0h0_[OZOkc0W1F5K4J6L5L2O1O100O2O001OO100O2N1O1O1O1O1O100O100O1O2N2N3M3M3M3M2N2N3M3L4M5J4L5J_bn<'}",0.985987,354.5,515.0,False,False,4,8,283-8,9,2309.0,0.3436011904761905,mask_1328,24,gt1ra3B73_283-8,tag,
858,mask_1392_12,3.55605837475787,2.09991926793519,0.924525612381394,-0.796670703133772,1392,6,/work/pi_mbartlett_umass_edu/AmberDeNeve/grass_carpel_ml_quantification_final/experiments/maize_24UM/data/late_planting/gt1ra3B73/no_treatment/gt1ra3_282-1~0300000008.jpg,late_planting,gt1ra3B73,no_treatment,1901,0.7479817148890987,[[436.7858  205.84573 474.23315 278.844  ]],"{'size': [672, 1008], 'counts': b'Teo8f0Qd0?H6J5K5L5J6K3M2O1O0001O1O1O2N1O2N1O2N1O1O2N001N2O1N2N2M3N2N1O2M4L5L6FdVn:'}",0.9520071,455.5,429.5,False,False,3,8,282-1,9,1452.0,0.2160714285714285,mask_1392,24,gt1ra3B73_282-1,0.9691325172964342,0.5142857142857142,0.8629280740930468,69.11445617675781,34.925384521484375,858,3.55605837475787,2.09991926793519,0.924525612381394,-0.796670703133772,1392,6,/work/pi_mbartlett_umass_edu/AmberDeNeve/grass_carpel_ml_quantification_final/experiments/maize_24UM/data/late_planting/gt1ra3B73/no_treatment/gt1ra3_282-1~0300000008.jpg,late_planting,gt1ra3B73,no_treatment,1901,0.7479817148890987,[[436.7858  205.84573 474.23315 278.844  ]],"{'size': [672, 1008], 'counts': b'Teo8f0Qd0?H6J5K5L5J6K3M2O1O0001O1O1O2N1O2N1O2N1O1O2N001N2O1N2N2M3N2N1O2M4L5L6FdVn:'}",0.9520071,455.5,429.5,False,False,3,8,282-1,9,1452.0,0.2160714285714285,mask_1392,24,gt1ra3B73_282-1,tag,
863,mask_1395_1,-1.64167833152308,1.66581841927649,1.13231458563914,-1.04398841831227,1395,5,/work/pi_mbartlett_umass_edu/AmberDeNeve/grass_carpel_ml_quantification_final/data/maize_21UM_data/late_planting/gt1ra3B73/defoliated/405-9~0100000008.jpg,late_planting,gt1ra3B73,defoliated,1887,0.861751266196005,[[324.5509  156.70041 366.4103  216.18166]],"{'size': [672, 1008], 'counts': b'`^e6>Td0b0K3M3M2O2M2O2M2O1O1O2N1O1O1O001O1O01O0010O01O001O1O1O2N1O1O1O1O1O1N3N2M3M4L3L7FZTU='}",0.9780327,345.0,486.5,False,False,1,8,405-9,9,707.0,0.105208333333333,mask_1395,21,gt1ra3B73_405-9,0.9837221920781336,0.7068965517241379,0.7848567792092801,61.1276969909668,37.87944030761719,863,-1.64167833152308,1.66581841927649,1.13231458563914,-1.04398841831227,1395,5,/work/pi_mbartlett_umass_edu/AmberDeNeve/grass_carpel_ml_quantification_final/data/maize_21UM_data/late_planting/gt1ra3B73/defoliated/405-9~0100000008.jpg,late_planting,gt1ra3B73,defoliated,1887,0.861751266196005,[[324.5509  156.70041 366.4103  216.18166]],"{'size': [672, 1008], 'counts': b'`^e6>Td0b0K3M3M2O2M2O2M2O1O1O2N1O1O1O001O1O01O0010O01O001O1O1O2N1O1O1O1O1O1N3N2M3M4L3L7FZTU='}",0.9780327,345.0,486.5,False,False,1,8,405-9,9,707.0,0.105208333333333,mask_1395,21,gt1ra3B73_405-9,not_sure,
891,mask_1407_12,-1.48935856188417,-2.65185832700394,1.07438392446756,-0.521265462713661,1407,6,/work/pi_mbartlett_umass_edu/AmberDeNeve/grass_carpel_ml_quantification_final/experiments/maize_24UM/data/late_planting/gt1ra3B73/no_treatment/gt1ra3_282-1~0500000008.jpg,late_planting,gt1ra3B73,no_treatment,1533,0.8642770459545024,[[379.69788 317.76093 416.54422 376.2676 ]],"{'size': [672, 1008], 'counts': b'ffi7a0Wd09L6L3M3M1O2N2N3M2N2O1N2N100O10000001O001O1O1N2O1O1O1N3N3L3M3M4L6J5K4KRUT<'}",0.9531685,397.5,325.0,False,False,5,8,282-1,9,1684.0,0.2505952380952381,mask_1407,24,gt1ra3B73_282-1,0.9822623828647924,0.6545454545454545,0.7752573101897487,54.73585891723633,34.57366180419922,891,-1.48935856188417,-2.65185832700394,1.07438392446756,-0.521265462713661,1407,6,/work/pi_mbartlett_umass_edu/AmberDeNeve/grass_carpel_ml_quantification_final/experiments/maize_24UM/data/late_planting/gt1ra3B73/no_treatment/gt1ra3_282-1~0500000008.jpg,late_planting,gt1ra3B73,no_treatment,1533,0.8642770459545024,[[379.69788 317.76093 416.54422 376.2676 ]],"{'size': [672, 1008], 'counts': b'ffi7a0Wd09L6L3M3M1O2N2N3M2N2O1N2N100O10000001O001O1O1N2O1O1O1N3N3L3M3M4L6J5K4KRUT<'}",0.9531685,397.5,325.0,False,False,5,8,282-1,9,1684.0,0.2505952380952381,mask_1407,24,gt1ra3B73_282-1,not_sure,
996,mask_1455_1,-2.97587328298508,-1.17541621443544,-1.07373118135196,0.761399610157112,1455,1,/work/pi_mbartlett_umass_edu/AmberDeNeve/grass_carpel_ml_quantification_final/data/maize_21UM_data/late_planting/gt1ra3B73/defoliated/405-9~0700000008.jpg,late_planting,gt1ra3B73,defoliated,1943,0.866309552587334,[[326.51663 236.71309 366.59122 300.4203 ]],"{'size': [672, 1008], 'counts': b'Q`g6i0Td04L4M4M2N3M3M2N2N3N1N2N2O0O2O1N100000000O100001O000O2O001N2O2M2N2N4L3L5K9EoQU='}",0.9933836,346.5,403.5,False,False,7,8,405-9,9,2962.0,0.44077380952381,mask_1455,21,gt1ra3B73_405-9,0.9857519788918204,0.6129032258064516,0.7863207346435392,62.3083610534668,38.49525833129883,996,-2.97587328298508,-1.17541621443544,-1.07373118135196,0.761399610157112,1455,1,/work/pi_mbartlett_umass_edu/AmberDeNeve/grass_carpel_ml_quantification_final/data/maize_21UM_data/late_planting/gt1ra3B73/defoliated/405-9~0700000008.jpg,late_planting,gt1ra3B73,defoliated,1943,0.866309552587334,[[326.51663 236.71309 366.59122 300.4203 ]],"{'size': [672, 1008], 'counts': b'Q`g6i0Td04L4M4M2N3M3M2N2N3N1N2N2O0O2O1N100000000O100001O000O2O001N2O2M2N2N4L3L5K9EoQU='}",0.9933836,346.5,403.5,False,False,7,8,405-9,9,2962.0,0.44077380952381,mask_1455,21,gt1ra3B73_405-9,normal,
1212,mask_1552_1,-2.53637359889578,-1.35592266213239,0.108653279847617,-0.457013375148755,1552,5,/work/pi_mbartlett_umass_edu/AmberDeNeve/grass_carpel_ml_quantification_final/data/maize_21UM_data/late_planting/gt1ra3B73/defoliated/409-1~0500000008.jpg,late_planting,gt1ra3B73,defoliated,2866,0.842869292338814,[[105.54487   10.528284 152.71658   89.08295 ]],"{'size': [672, 1008], 'counts': b'\\cU2g0Sd0:I6I8I5L4M2M3N101N2O00001N1O101N1O1O100O1000000O10000000O10000O2O0O1O2N102L3N3M3L5K5K5K7Hnfaa0'}",0.9905025,128.5,621.5,False,False,5,8,409-1,9,3463.0,0.515327380952381,mask_1552,21,gt1ra3B73_409-1,0.9845498135322324,0.6216216216216216,0.7873139798756881,75.95914459228516,46.83278274536133,1212,-2.53637359889578,-1.35592266213239,0.108653279847617,-0.457013375148755,1552,5,/work/pi_mbartlett_umass_edu/AmberDeNeve/grass_carpel_ml_quantification_final/data/maize_21UM_data/late_planting/gt1ra3B73/defoliated/409-1~0500000008.jpg,late_planting,gt1ra3B73,defoliated,2866,0.842869292338814,[[105.54487   10.528284 152.71658   89.08295 ]],"{'size': [672, 1008], 'counts': b'\\cU2g0Sd0:I6I8I5L4M2M3N101N2O00001N1O101N1O1O100O1000000O10000000O10000O2O0O1O2N102L3N3M3L5K5K5K7Hnfaa0'}",0.9905025,128.5,621.5,False,False,5,8,409-1,9,3463.0,0.515327380952381,mask_1552,21,gt1ra3B73_409-1,normal,
1237,mask_1563_12,-3.00062218272125,0.271555185446025,0.881666428940193,-1.90147686498426,1563,4,/work/pi_mbartlett_umass_edu/AmberDeNeve/grass_carpel_ml_quantification_final/experiments/maize_24UM/data/late_planting/gt1ra3B73/no_treatment/gt1ra3_282-7~0300000008.jpg,late_planting,gt1ra3B73,no_treatment,1853,0.8049374600439201,[[561.1147   89.08631 599.87756 149.9229 ]],"{'size': [672, 1008], 'counts': b'nVb;48184Vc0W1I3N2M2O0O2O0000001N1000000000000001O00001O001O1O1N3N1O2M3N0O2N3L4K?\\Oad[8'}",0.94774354,581.5,553.0,False,False,3,8,282-7,8,1946.0,0.3217592592592592,mask_1563,24,gt1ra3B73_282-7,0.970990695128626,0.6101694915254238,0.8149927936231166,63.50937271118164,36.80184555053711,1237,-3.00062218272125,0.271555185446025,0.881666428940193,-1.90147686498426,1563,4,/work/pi_mbartlett_umass_edu/AmberDeNeve/grass_carpel_ml_quantification_final/experiments/maize_24UM/data/late_planting/gt1ra3B73/no_treatment/gt1ra3_282-7~0300000008.jpg,late_planting,gt1ra3B73,no_treatment,1853,0.8049374600439201,[[561.1147   89.08631 599.87756 149.9229 ]],"{'size': [672, 1008], 'counts': b'nVb;48184Vc0W1I3N2M2O0O2O0000001N1000000000000001O00001O001O1O1N3N1O2M3N0O2N3L4K?\\Oad[8'}",0.94774354,581.5,553.0,False,False,3,8,282-7,8,1946.0,0.3217592592592592,mask_1563,24,gt1ra3B73_282-7,tag,
1245,mask_1567_12,1.07263250041962,-1.3350614353636,-0.407360420636497,4.02080631153058,1567,2,/work/pi_mbartlett_umass_edu/AmberDeNeve/grass_carpel_ml_quantification_final/experiments/maize_24UM/data/late_planting/gt1ra3B73/no_treatment/gt1ra3_282-7~0400000008.jpg,late_planting,gt1ra3B73,no_treatment,1938,0.7085302213068071,[[523.1781   111.303894 559.2391   185.70963 ]],"{'size': [672, 1008], 'counts': b'fPh:>_d06K5I7K7H8J2M3M2N2N2M4M2N2N2N2O1O100O100000O101O001O1O1N3L6H7G9I7JoUW9'}",0.97315365,540.5,523.0,False,False,4,8,282-7,8,2349.0,0.3883928571428571,mask_1567,24,gt1ra3B73_282-7,0.9734699238245338,0.4657534246575342,0.8972614116162454,73.99929809570312,32.6706657409668,1245,1.07263250041962,-1.3350614353636,-0.407360420636497,4.02080631153058,1567,2,/work/pi_mbartlett_umass_edu/AmberDeNeve/grass_carpel_ml_quantification_final/experiments/maize_24UM/data/late_planting/gt1ra3B73/no_treatment/gt1ra3_282-7~0400000008.jpg,late_planting,gt1ra3B73,no_treatment,1938,0.7085302213068071,[[523.1781   111.303894 559.2391   185.70963 ]],"{'size': [672, 1008], 'counts': b'fPh:>_d06K5I7K7H8J2M3M2N2N2M4M2N2N2N2O1O100O100000O101O001O1O1N3L6H7G9I7JoUW9'}",0.97315365,540.5,523.0,False,False,4,8,282-7,8,2349.0,0.3883928571428571,mask_1567,24,gt1ra3B73_282-7,tag,
1369,mask_1623_12,-2.6740371187731,-1.28917279040575,-3.16172425452283,2.26377231040682,1623,5,/work/pi_mbartlett_umass_edu/AmberDeNeve/grass_carpel_ml_quantification_final/experiments/maize_24UM/data/late_planting/gt1ra3B73/no_treatment/gt1ra3_282-9~0300000008.jpg,late_planting,gt1ra3B73,no_treatment,1507,0.8099193124935404,[[468.75177 318.8954  504.02017 376.5989 ]],"{'size': [672, 1008], 'counts': b'eSd99bd0<G5K5L4K5M3L3M2N2O0O1000000O100O100000000000000001O0O1N2M4K6H8I8I:_O_[O2TR[:'}",0.9753289,486.0,323.0,False,False,3,8,282-9,9,1026.0,0.1526785714285714,mask_1623,24,gt1ra3B73_282-9,0.9739071501186038,0.660377358490566,0.7964742622005941,55.671146392822266,33.66280746459961,1369,-2.6740371187731,-1.28917279040575,-3.16172425452283,2.26377231040682,1623,5,/work/pi_mbartlett_umass_edu/AmberDeNeve/grass_carpel_ml_quantification_final/experiments/maize_24UM/data/late_planting/gt1ra3B73/no_treatment/gt1ra3_282-9~0300000008.jpg,late_planting,gt1ra3B73,no_treatment,1507,0.8099193124935404,[[468.75177 318.8954  504.02017 376.5989 ]],"{'size': [672, 1008], 'counts': b'eSd99bd0<G5K5L4K5M3L3M2N2O0O1000000O100O100000000000000001O0O1N2M4K6H8I8I:_O_[O2TR[:'}",0.9753289,486.0,323.0,False,False,3,8,282-9,9,1026.0,0.1526785714285714,mask_1623,24,gt1ra3B73_282-9,tag,
1396,mask_1636_12,-0.771213682151952,0.796249769650305,2.04120056689622,-1.07005264908087,1636,0,/work/pi_mbartlett_umass_edu/AmberDeNeve/grass_carpel_ml_quantification_final/experiments/maize_24UM/data/late_planting/gt1ra3B73/no_treatment/gt1ra3_282-9~0500000008.jpg,late_planting,gt1ra3B73,no_treatment,2951,0.8000281747320456,[[483.0633  215.28413 530.7256  294.70782]],"{'size': [672, 1008], 'counts': b'oVm9>Rd0l0^O:G6L4M3M2O100O2N2O1O1O1N2O0000000001O00001O1O001O001O1O1O002N1O2N2N3M2N2N3M2N1N3M4K4L6I<WOX^i9'}",0.99438184,506.0,417.0,False,False,5,8,282-9,9,2236.0,0.3327380952380952,mask_1636,24,gt1ra3B73_282-9,0.9777206512425022,0.6103896103896104,0.8228774550496645,81.01209259033203,46.03260040283203,1396,-0.771213682151952,0.796249769650305,2.04120056689622,-1.07005264908087,1636,0,/work/pi_mbartlett_umass_edu/AmberDeNeve/grass_carpel_ml_quantification_final/experiments/maize_24UM/data/late_planting/gt1ra3B73/no_treatment/gt1ra3_282-9~0500000008.jpg,late_planting,gt1ra3B73,no_treatment,2951,0.8000281747320456,[[483.0633  215.28413 530.7256  294.70782]],"{'size': [672, 1008], 'counts': b'oVm9>Rd0l0^O:G6L4M3M2O100O2N2O1O1O1N2O0000000001O00001O1O001O001O1O1O002N1O2N2N3M2N2N3M2N1N3M4K4L6I<WOX^i9'}",0.99438184,506.0,417.0,False,False,5,8,282-9,9,2236.0,0.3327380952380952,mask_1636,24,gt1ra3B73_282-9,not_sure,
1417,mask_1646_12,2.41314312781949,-0.406578965463241,-2.17274246249901,1.74121386608318,1646,8,/work/pi_mbartlett_umass_edu/AmberDeNeve/grass_carpel_ml_quantification_final/experiments/maize_24UM/data/late_planting/gt1ra3B73/no_treatment/gt1ra3_282-9~0600000008.jpg,late_planting,gt1ra3B73,no_treatment,1462,0.753725039781691,[[577.1099    93.556496 614.83514  156.50291 ]],"{'size': [672, 1008], 'counts': b'Y^k;210dd0?G5K4M3L3N3M2O1N3N1O1O1O1N2O1O1O1O1O100O0000O100O2O001N2N2O1N2N5K6J7If^R8'}",0.9126055,595.5,547.5,False,False,6,8,282-9,9,3566.5,0.5306547619047619,mask_1646,24,gt1ra3B73_282-9,0.9778947368421052,0.6206896551724138,0.8673242610942272,60.28463363647461,30.00628662109375,1417,2.41314312781949,-0.406578965463241,-2.17274246249901,1.74121386608318,1646,8,/work/pi_mbartlett_umass_edu/AmberDeNeve/grass_carpel_ml_quantification_final/experiments/maize_24UM/data/late_planting/gt1ra3B73/no_treatment/gt1ra3_282-9~0600000008.jpg,late_planting,gt1ra3B73,no_treatment,1462,0.753725039781691,[[577.1099    93.556496 614.83514  156.50291 ]],"{'size': [672, 1008], 'counts': b'Y^k;210dd0?G5K4M3L3N3M2O1N3N1O1O1O1N2O1O1O1O1O100O0000O100O2O001N2N2O1N2N5K6J7If^R8'}",0.9126055,595.5,547.5,False,False,6,8,282-9,9,3566.5,0.5306547619047619,mask_1646,24,gt1ra3B73_282-9,not_sure,
1480,mask_1675_1,2.97881541357182,4.79251788369868,-1.48464543869709,3.4282326228316,1675,8,/work/pi_mbartlett_umass_edu/AmberDeNeve/grass_carpel_ml_quantification_final/data/maize_21UM_data/late_planting/gt1ra3B73/defoliated/409-5~0500000008.jpg,late_planting,gt1ra3B73,defoliated,2228,0.675817344984725,[[463.8084  306.91806 506.28882 396.42517]],"{'size': [672, 1008], 'counts': b'Qjb9h0Vd07J2O1K5E<I:J2N11N1001B>O001O01O2N002N1O1N3N2M2O0O100O1N3N1O2N2M3M4L3L5L5J9D[SY:'}",0.9677449,486.0,316.5,False,False,5,8,409-5,8,1633.0,0.270006613756614,mask_1675,21,gt1ra3B73_409-5,0.942422236929186,0.5,0.8628252876979511,74.8338851928711,37.82869720458984,1480,2.97881541357182,4.79251788369868,-1.48464543869709,3.4282326228316,1675,8,/work/pi_mbartlett_umass_edu/AmberDeNeve/grass_carpel_ml_quantification_final/data/maize_21UM_data/late_planting/gt1ra3B73/defoliated/409-5~0500000008.jpg,late_planting,gt1ra3B73,defoliated,2228,0.675817344984725,[[463.8084  306.91806 506.28882 396.42517]],"{'size': [672, 1008], 'counts': b'Qjb9h0Vd07J2O1K5E<I:J2N11N1001B>O001O01O2N002N1O1N3N2M2O0O100O1N3N1O2N2M3M4L3L5L5J9D[SY:'}",0.9677449,486.0,316.5,False,False,5,8,409-5,8,1633.0,0.270006613756614,mask_1675,21,gt1ra3B73_409-5,tag,
1600,mask_1729_12,4.53768765649218,-3.31343644074493,-1.54622681462392,2.50928179099451,1729,4,/work/pi_mbartlett_umass_edu/AmberDeNeve/grass_carpel_ml_quantification_final/experiments/maize_24UM/data/late_planting/gt1ra3B73/no_treatment/gt1ra3_283-3~0000000008.jpg,late_planting,gt1ra3B73,no_treatment,1432,0.5756167543715561,[[533.5118  125.00311 567.6153  197.23563]],"{'size': [672, 1008], 'counts': b'fcn:2fd0?C8J5M3M2N3N1N2O1O1N2O1O1O100O1O1N2O1M3N2N2M2N3N10O2N1O2M5cN_]O2ib0C[oQ9'}",0.97638613,549.5,511.5,False,False,0,8,283-3,9,511.5,0.0760416666666666,mask_1729,24,gt1ra3B73_283-3,0.9193877551020408,0.4571428571428571,0.92286204145826,72.14884185791016,27.786733627319336,1600,4.53768765649218,-3.31343644074493,-1.54622681462392,2.50928179099451,1729,4,/work/pi_mbartlett_umass_edu/AmberDeNeve/grass_carpel_ml_quantification_final/experiments/maize_24UM/data/late_planting/gt1ra3B73/no_treatment/gt1ra3_283-3~0000000008.jpg,late_planting,gt1ra3B73,no_treatment,1432,0.5756167543715561,[[533.5118  125.00311 567.6153  197.23563]],"{'size': [672, 1008], 'counts': b'fcn:2fd0?C8J5M3M2N3N1N2O1O1N2O1O1O100O1O1N2O1M3N2N2M2N3N10O2N1O2M5cN_]O2ib0C[oQ9'}",0.97638613,549.5,511.5,False,False,0,8,283-3,9,511.5,0.0760416666666666,mask_1729,24,gt1ra3B73_283-3,tag,
1780,mask_181_12,-1.66133339975129,1.0836107441562,2.45782535488898,0.418316357471709,181,1,/work/pi_mbartlett_umass_edu/AmberDeNeve/grass_carpel_ml_quantification_final/experiments/maize_24UM/data/early_planting/gt1ra3B73/defoliated/gt1ra3_266-6~0700000008.jpg,early_planting,gt1ra3B73,defoliated,1319,0.7919603152600578,[[656.7626    46.114464 687.72845  101.53443 ]],"{'size': [672, 1008], 'counts': b'\\W_=c0Yd05L5K4N1M3L5J5M3O1O100000001O00000001N101O0O2O1N3L5M2M5J4L9Boma6'}",0.9041686,672.0,598.0,False,False,7,8,266-6,9,4518.0,0.6723214285714286,mask_181,24,gt1ra3B73_266-6,0.9701781564678544,0.5849056603773585,0.8353911732230681,54.74694442749024,30.09197998046875,1780,-1.66133339975129,1.0836107441562,2.45782535488898,0.418316357471709,181,1,/work/pi_mbartlett_umass_edu/AmberDeNeve/grass_carpel_ml_quantification_final/experiments/maize_24UM/data/early_planting/gt1ra3B73/defoliated/gt1ra3_266-6~0700000008.jpg,early_planting,gt1ra3B73,defoliated,1319,0.7919603152600578,[[656.7626    46.114464 687.72845  101.53443 ]],"{'size': [672, 1008], 'counts': b'\\W_=c0Yd05L5K4N1M3L5J5M3O1O100000001O00000001N101O0O2O1N3L5M2M5J4L9Boma6'}",0.9041686,672.0,598.0,False,False,7,8,266-6,9,4518.0,0.6723214285714286,mask_181,24,gt1ra3B73_266-6,not_sure,
1797,mask_1818_1,-2.19589514024298,-4.55399492575151,2.01596869556333,0.657430196952565,1818,15,/work/pi_mbartlett_umass_edu/AmberDeNeve/grass_carpel_ml_quantification_final/data/maize_21UM_data/late_planting/gt1ra3B73/no_treatment/405-2~0100000008.jpg,late_planting,gt1ra3B73,no_treatment,1857,0.679348131257588,[[186.84148   26.153769 230.99304  102.866234]],"{'size': [672, 1008], 'counts': b'ahj35id06K4L4L3L5K5L4L4K4M3M4L3M3M3M3M3N1O1O100000O2O1N5L2M2N2N2N2N2N3L4M2N2M3N2M3L5K9Gbio?'}",0.9737378,207.0,607.0,False,False,1,8,405-2,9,948.0,0.141071428571428,mask_1818,21,gt1ra3B73_405-2,0.965498505840804,0.5616438356164384,0.9142918725302926,76.46935272216797,30.9743709564209,1797,-2.19589514024298,-4.55399492575151,2.01596869556333,0.657430196952565,1818,15,/work/pi_mbartlett_umass_edu/AmberDeNeve/grass_carpel_ml_quantification_final/data/maize_21UM_data/late_planting/gt1ra3B73/no_treatment/405-2~0100000008.jpg,late_planting,gt1ra3B73,no_treatment,1857,0.679348131257588,[[186.84148   26.153769 230.99304  102.866234]],"{'size': [672, 1008], 'counts': b'ahj35id06K4L4L3L5K5L4L4K4M3M4L3M3M3M3M3N1O1O100000O2O1N5L2M2N2N2N2N2N3L4M2N2M3N2M3L5K9Gbio?'}",0.9737378,207.0,607.0,False,False,1,8,405-2,9,948.0,0.141071428571428,mask_1818,21,gt1ra3B73_405-2,not_sure,
2091,mask_1950_12,4.14772577033919,1.18915462611695,-4.24514368188777,-0.152762272353786,1950,3,/work/pi_mbartlett_umass_edu/AmberDeNeve/grass_carpel_ml_quantification_final/experiments/maize_24UM/data/late_planting/tb1gt1ra3/no_treatment/tb1gt1ra3_280-1~0000000008.jpg,late_planting,tb1gt1ra3,no_treatment,1340,0.7589519858277246,[[527.16565 393.7995  569.761   447.9803 ]],"{'size': [672, 1008], 'counts': b'Ymj:?_d04L3M3N2M2O2N1O1N2O1O1O001O1O1O1O010O01O010O001O1O1O1O1O00100N101N100O101M3N2L?_O`fo8'}",0.97886354,548.0,252.0,False,False,0,8,280-1,7,252.0,0.046875,mask_1950,24,tb1gt1ra3_280-1,0.9662878787878788,0.803921568627451,0.8563824212191209,56.547306060791016,29.19775390625,2091,4.14772577033919,1.18915462611695,-4.24514368188777,-0.152762272353786,1950,3,/work/pi_mbartlett_umass_edu/AmberDeNeve/grass_carpel_ml_quantification_final/experiments/maize_24UM/data/late_planting/tb1gt1ra3/no_treatment/tb1gt1ra3_280-1~0000000008.jpg,late_planting,tb1gt1ra3,no_treatment,1340,0.7589519858277246,[[527.16565 393.7995  569.761   447.9803 ]],"{'size': [672, 1008], 'counts': b'Ymj:?_d04L3M3N2M2O2N1O1N2O1O1O001O1O1O1O010O01O010O001O1O1O1O1O00100N101N100O101M3N2L?_O`fo8'}",0.97886354,548.0,252.0,False,False,0,8,280-1,7,252.0,0.046875,mask_1950,24,tb1gt1ra3_280-1,normal,
2185,mask_1993_12,2.02248126960921,0.191391834405271,-0.864217747632089,-2.51063859985075,1993,5,/work/pi_mbartlett_umass_edu/AmberDeNeve/grass_carpel_ml_quantification_final/experiments/maize_24UM/data/late_planting/tb1gt1ra3/no_treatment/tb1gt1ra3_280-7~0100000008.jpg,late_planting,tb1gt1ra3,no_treatment,2265,0.8535483769341883,[[516.27747   12.561872 562.9393    80.18031 ]],"{'size': [672, 1008], 'counts': b'\\oc:b0Zd08E9M2N3M2M3M2O2N2N2M2O2M2O2N1O1O2O0000010O01O1O1O1O1O001O1O001O1O1O1N3N3L2M4M3L2N3L6HmdT9'}",0.95845026,539.5,625.5,False,False,1,8,280-7,8,985.0,0.1628637566137566,mask_1993,24,tb1gt1ra3_280-7,0.9800358905338716,0.6666666666666666,0.7325437364130304,64.4134292602539,43.84750747680664,2185,2.02248126960921,0.191391834405271,-0.864217747632089,-2.51063859985075,1993,5,/work/pi_mbartlett_umass_edu/AmberDeNeve/grass_carpel_ml_quantification_final/experiments/maize_24UM/data/late_planting/tb1gt1ra3/no_treatment/tb1gt1ra3_280-7~0100000008.jpg,late_planting,tb1gt1ra3,no_treatment,2265,0.8535483769341883,[[516.27747   12.561872 562.9393    80.18031 ]],"{'size': [672, 1008], 'counts': b'\\oc:b0Zd08E9M2N3M2M3M2O2N2N2M2O2M2O2N1O1O2O0000010O01O1O1O1O1O001O1O001O1O1O1N3N3L2M4M3L2N3L6HmdT9'}",0.95845026,539.5,625.5,False,False,1,8,280-7,8,985.0,0.1628637566137566,mask_1993,24,tb1gt1ra3_280-7,normal,
2188,mask_1995_1,-1.07270783607446,0.208899555648122,-0.0095749663151239,-0.558113236297064,1995,9,/work/pi_mbartlett_umass_edu/AmberDeNeve/grass_carpel_ml_quantification_final/data/maize_21UM_data/late_planting/gt1ra3B73/no_treatment/405-4~0300000008.jpg,late_planting,gt1ra3B73,no_treatment,2328,0.89442165819725,[[659.0618  229.37337 706.3886  293.15457]],"{'size': [672, 1008], 'counts': b'Qg`=>Zd0=H6K3N1N3N2N1O3L3N3M2O1N2N2O1N101N10000000000001O00001O001O1O1O1N101N2N2N2M3N2N2N2M4L6K8G9FkmU6'}",0.98667043,682.0,411.0,False,False,3,8,405-4,9,1378.0,0.205059523809524,mask_1995,21,gt1ra3B73_405-4,0.9829545454545454,0.746031746031746,0.6737679171324946,62.37778854370117,46.093631744384766,2188,-1.07270783607446,0.208899555648122,-0.0095749663151239,-0.558113236297064,1995,9,/work/pi_mbartlett_umass_edu/AmberDeNeve/grass_carpel_ml_quantification_final/data/maize_21UM_data/late_planting/gt1ra3B73/no_treatment/405-4~0300000008.jpg,late_planting,gt1ra3B73,no_treatment,2328,0.89442165819725,[[659.0618  229.37337 706.3886  293.15457]],"{'size': [672, 1008], 'counts': b'Qg`=>Zd0=H6K3N1N3N2N1O3L3N3M2O1N2N2O1N101N10000000000001O00001O001O1O1O1N101N2N2N2M3N2N2N2M4L6K8G9FkmU6'}",0.98667043,682.0,411.0,False,False,3,8,405-4,9,1378.0,0.205059523809524,mask_1995,21,gt1ra3B73_405-4,not_sure,
2223,mask_2009_12,-0.754245409871917,2.85878380441702,-0.253081970162403,-0.795010111005256,2009,4,/work/pi_mbartlett_umass_edu/AmberDeNeve/grass_carpel_ml_quantification_final/experiments/maize_24UM/data/late_planting/tb1gt1ra3/no_treatment/tb1gt1ra3_280-7~0400000008.jpg,late_planting,tb1gt1ra3,no_treatment,2007,0.8098883104051866,[[528.9109  173.86212 569.4606  240.93932]],"{'size': [672, 1008], 'counts': b'V[k:b0Zd0`0B8H4L2N3N1O2N1O1O1O2N1N2O1O10001N11O001O001O1O001O1N101L3M4M3K5M3M4L4M4HUWQ9'}",0.9800861,547.5,465.5,False,False,4,8,280-7,8,2061.5,0.3407738095238095,mask_2009,24,tb1gt1ra3_280-7,0.9761965054444164,0.5757575757575758,0.818538565006398,65.8004150390625,37.79915237426758,2223,-0.754245409871917,2.85878380441702,-0.253081970162403,-0.795010111005256,2009,4,/work/pi_mbartlett_umass_edu/AmberDeNeve/grass_carpel_ml_quantification_final/experiments/maize_24UM/data/late_planting/tb1gt1ra3/no_treatment/tb1gt1ra3_280-7~0400000008.jpg,late_planting,tb1gt1ra3,no_treatment,2007,0.8098883104051866,[[528.9109  173.86212 569.4606  240.93932]],"{'size': [672, 1008], 'counts': b'V[k:b0Zd0`0B8H4L2N3N1O2N1O1O1O2N1N2O1O10001N11O001O001O1O001O1N101L3M4M3K5M3M4L4M4HUWQ9'}",0.9800861,547.5,465.5,False,False,4,8,280-7,8,2061.5,0.3407738095238095,mask_2009,24,tb1gt1ra3_280-7,normal,
2253,mask_2022_12,-0.679133577168981,-1.47868034890573,1.35207593723855,-1.02498747297455,2022,1,/work/pi_mbartlett_umass_edu/AmberDeNeve/grass_carpel_ml_quantification_final/experiments/maize_24UM/data/late_planting/tb1gt1ra3/no_treatment/tb1gt1ra3_280-7~0700000008.jpg,late_planting,tb1gt1ra3,no_treatment,1116,0.776077124683962,[[484.16525  58.76975 511.8676  110.69149]],"{'size': [672, 1008], 'counts': b'efm9<[d0>C;J4N2M4N0O101N100O100001O001O1O1O2N2N2N2M4M3L6I9D\\RV:'}",0.97787845,497.0,588.0,False,False,7,8,280-7,8,4438.0,0.7337962962962963,mask_2022,24,tb1gt1ra3_280-7,0.9732225300092336,0.5294117647058824,0.8703381201555477,52.91876602172852,26.06009101867676,2253,-0.679133577168981,-1.47868034890573,1.35207593723855,-1.02498747297455,2022,1,/work/pi_mbartlett_umass_edu/AmberDeNeve/grass_carpel_ml_quantification_final/experiments/maize_24UM/data/late_planting/tb1gt1ra3/no_treatment/tb1gt1ra3_280-7~0700000008.jpg,late_planting,tb1gt1ra3,no_treatment,1116,0.776077124683962,[[484.16525  58.76975 511.8676  110.69149]],"{'size': [672, 1008], 'counts': b'efm9<[d0>C;J4N2M4N0O101N100O100001O001O1O1O2N2N2N2M4M3L6I9D\\RV:'}",0.97787845,497.0,588.0,False,False,7,8,280-7,8,4438.0,0.7337962962962963,mask_2022,24,tb1gt1ra3_280-7,not_sure,
2395,mask_2087_12,-0.191874087301409,-1.95427571346061,-1.42560886154698,-1.855176509458,2087,2,/work/pi_mbartlett_umass_edu/AmberDeNeve/grass_carpel_ml_quantification_final/experiments/maize_24UM/data/late_planting/tb1gt1ra3/no_treatment/tb1gt1ra3_281-1~0600000008.jpg,late_planting,tb1gt1ra3,no_treatment,1487,0.8253389215751562,[[506.89606 175.77516 541.59924 235.65947]],"{'size': [672, 1008], 'counts': b'Zm\\::`d0<G6K4L3N3L3N3M2M3O0O2N2O0O2N1010O001O001O001O1N2O2N2M4M2M3M3L5K9DfXb9'}",0.9841525,523.5,466.0,False,False,6,8,281-1,7,2996.0,0.5572916666666666,mask_2087,24,tb1gt1ra3_281-1,0.9779690189328744,0.5964912280701754,0.8099754794419846,55.784156799316406,32.71538543701172,2395,-0.191874087301409,-1.95427571346061,-1.42560886154698,-1.855176509458,2087,2,/work/pi_mbartlett_umass_edu/AmberDeNeve/grass_carpel_ml_quantification_final/experiments/maize_24UM/data/late_planting/tb1gt1ra3/no_treatment/tb1gt1ra3_281-1~0600000008.jpg,late_planting,tb1gt1ra3,no_treatment,1487,0.8253389215751562,[[506.89606 175.77516 541.59924 235.65947]],"{'size': [672, 1008], 'counts': b'Zm\\::`d0<G6K4L3N3L3N3M2M3O0O2N2O0O2N1010O001O001O001O1N2O2N2M4M2M3M3L5K9DfXb9'}",0.9841525,523.5,466.0,False,False,6,8,281-1,7,2996.0,0.5572916666666666,mask_2087,24,tb1gt1ra3_281-1,normal,
2454,mask_2113_1,-1.90021700620225,2.18481163498756,0.230963237264532,0.431823581543962,2113,6,/work/pi_mbartlett_umass_edu/AmberDeNeve/grass_carpel_ml_quantification_final/data/maize_21UM_data/late_planting/gt1ra3B73/no_treatment/405-6~0200000008.jpg,late_planting,gt1ra3B73,no_treatment,1857,0.816529305334676,[[296.1683   68.88788 335.5953  133.49411]],"{'size': [672, 1008], 'counts': b'foR6P1mc07J4L4M2M3O2M2N2O0O100O10000O02O00010O00001O0O20O01O0L5L4N2M3N2N3M2M5K7YOfWj='}",0.9917767,315.0,571.0,False,False,2,8,405-6,8,1447.0,0.239252645502645,mask_2113,21,gt1ra3B73_405-6,0.974288840262582,0.6065573770491803,0.7978649075067216,61.73453903198242,37.2158203125,2454,-1.90021700620225,2.18481163498756,0.230963237264532,0.431823581543962,2113,6,/work/pi_mbartlett_umass_edu/AmberDeNeve/grass_carpel_ml_quantification_final/data/maize_21UM_data/late_planting/gt1ra3B73/no_treatment/405-6~0200000008.jpg,late_planting,gt1ra3B73,no_treatment,1857,0.816529305334676,[[296.1683   68.88788 335.5953  133.49411]],"{'size': [672, 1008], 'counts': b'foR6P1mc07J4L4M2M3O2M2N2O0O100O10000O02O00010O00001O0O20O01O0L5L4N2M3N2N3M2M5K7YOfWj='}",0.9917767,315.0,571.0,False,False,2,8,405-6,8,1447.0,0.239252645502645,mask_2113,21,gt1ra3B73_405-6,normal,
2468,mask_212_1,-2.3889730205895,-0.36195446390067,0.317719122398267,-0.714835916192713,212,5,/work/pi_mbartlett_umass_edu/AmberDeNeve/grass_carpel_ml_quantification_final/data/maize_21UM_data/early_planting/gt1ra3B73/defoliated/154-9~0100000008.jpg,early_planting,gt1ra3B73,defoliated,1929,0.883514532106148,[[337.0401   67.91578 378.86285 125.96749]],"{'size': [672, 1008], 'counts': b'gWm6:`d0:J7I9H4L3M3M2N2N2N101N10001N1000000000000001O001O001O001N2O1O002M2O1N4L3M3L5K5HZ[m<'}",0.9815075,357.0,576.0,False,False,1,8,154-9,4,886.0,0.263690476190476,mask_212,21,gt1ra3B73_154-9,0.9827768945416004,0.7192982456140351,0.7253931997845295,58.7327995300293,40.427825927734375,2468,-2.3889730205895,-0.36195446390067,0.317719122398267,-0.714835916192713,212,5,/work/pi_mbartlett_umass_edu/AmberDeNeve/grass_carpel_ml_quantification_final/data/maize_21UM_data/early_planting/gt1ra3B73/defoliated/154-9~0100000008.jpg,early_planting,gt1ra3B73,defoliated,1929,0.883514532106148,[[337.0401   67.91578 378.86285 125.96749]],"{'size': [672, 1008], 'counts': b'gWm6:`d0:J7I9H4L3M3M2N2N2N101N10001N1000000000000001O001O001O001N2O1O002M2O1N4L3M3L5K5HZ[m<'}",0.9815075,357.0,576.0,False,False,1,8,154-9,4,886.0,0.263690476190476,mask_212,21,gt1ra3B73_154-9,normal,
2588,mask_2174_12,-0.649740421950949,-1.83466067165132,-0.452296414458387,1.0323798352095,2174,12,/work/pi_mbartlett_umass_edu/AmberDeNeve/grass_carpel_ml_quantification_final/experiments/maize_24UM/data/late_planting/tb1gt1ra3/no_treatment/tb1gt1ra3_281-7~0500000008.jpg,late_planting,tb1gt1ra3,no_treatment,1396,0.7748306217343094,[[464.5571  273.97656 499.44562 336.47073]],"{'size': [672, 1008], 'counts': b'`^a98cd0:G7J5L4L4M2N2N2M2O1O2N2N3M2O1O1O00000001O1O2M2O1O2M4K<D4M2O3I;]Od\\^:'}",0.9241759,481.0,365.5,False,False,5,8,281-7,8,1927.0,0.3186177248677249,mask_2174,24,tb1gt1ra3_281-7,0.960621387283237,0.5689655172413793,0.845842452996334,57.03779602050781,30.425830841064453,2588,-0.649740421950949,-1.83466067165132,-0.452296414458387,1.0323798352095,2174,12,/work/pi_mbartlett_umass_edu/AmberDeNeve/grass_carpel_ml_quantification_final/experiments/maize_24UM/data/late_planting/tb1gt1ra3/no_treatment/tb1gt1ra3_281-7~0500000008.jpg,late_planting,tb1gt1ra3,no_treatment,1396,0.7748306217343094,[[464.5571  273.97656 499.44562 336.47073]],"{'size': [672, 1008], 'counts': b'`^a98cd0:G7J5L4L4M2N2N2M2O1O2N2N3M2O1O1O00000001O1O2M2O1O2M4K<D4M2O3I;]Od\\^:'}",0.9241759,481.0,365.5,False,False,5,8,281-7,8,1927.0,0.3186177248677249,mask_2174,24,tb1gt1ra3_281-7,normal,
2592,mask_2176_12,-1.21189293215146,2.42161924768185,-2.4918872510887,5.12630617361816,2176,2,/work/pi_mbartlett_umass_edu/AmberDeNeve/grass_carpel_ml_quantification_final/experiments/maize_24UM/data/late_planting/tb1gt1ra3/no_treatment/tb1gt1ra3_281-7~0600000008.jpg,late_planting,tb1gt1ra3,no_treatment,1700,0.8306649758333635,[[504.06238 375.21194 544.0769  435.3272 ]],"{'size': [672, 1008], 'counts': b'bi[:e0Wd06L3S\\OSObc0Q1\\\\OPOcc0X1N1N3N100O1O1O1O1O1O1O1O1O100O1O0100O2O0O2N2N1O3M2N2N2N2N2M2O2L5K9Fhh`9'}",0.98350406,523.5,266.5,False,False,6,8,281-7,8,1599.5,0.2643849206349206,mask_2176,24,tb1gt1ra3_281-7,0.9731343283582088,0.6551724137931034,0.768508230929654,57.3051872253418,36.66614532470703,2592,-1.21189293215146,2.42161924768185,-2.4918872510887,5.12630617361816,2176,2,/work/pi_mbartlett_umass_edu/AmberDeNeve/grass_carpel_ml_quantification_final/experiments/maize_24UM/data/late_planting/tb1gt1ra3/no_treatment/tb1gt1ra3_281-7~0600000008.jpg,late_planting,tb1gt1ra3,no_treatment,1700,0.8306649758333635,[[504.06238 375.21194 544.0769  435.3272 ]],"{'size': [672, 1008], 'counts': b'bi[:e0Wd06L3S\\OSObc0Q1\\\\OPOcc0X1N1N3N100O1O1O1O1O1O1O1O1O100O1O0100O2O0O2N2N1O3M2N2N2N2N2M2O2L5K9Fhh`9'}",0.98350406,523.5,266.5,False,False,6,8,281-7,8,1599.5,0.2643849206349206,mask_2176,24,tb1gt1ra3_281-7,not_sure,
2616,mask_2187_12,2.72779874580587,3.07326127738833,-0.76532410779847,-1.87985449649057,2187,3,/work/pi_mbartlett_umass_edu/AmberDeNeve/grass_carpel_ml_quantification_final/experiments/maize_24UM/data/late_planting/tb1gt1ra3/no_treatment/tb1gt1ra3_455-2~0100000008.jpg,late_planting,tb1gt1ra3,no_treatment,1238,0.7939285782430273,[[277.21112 294.6404  307.2359  352.838  ]],"{'size': [672, 1008], 'counts': b'hgf5n0oc05L4L3N2N2M3M3N1O100010O1O1O1O1O1O1O1O2N1N2N3L4M1N4J5G<EWg[>'}",0.9712867,292.0,348.0,False,False,1,8,455-2,8,430.0,0.0710978835978836,mask_2187,24,tb1gt1ra3_455-2,0.9795833333333334,0.5272727272727272,0.8506852752983985,53.889556884765625,28.32841110229492,2616,2.72779874580587,3.07326127738833,-0.76532410779847,-1.87985449649057,2187,3,/work/pi_mbartlett_umass_edu/AmberDeNeve/grass_carpel_ml_quantification_final/experiments/maize_24UM/data/late_planting/tb1gt1ra3/no_treatment/tb1gt1ra3_455-2~0100000008.jpg,late_planting,tb1gt1ra3,no_treatment,1238,0.7939285782430273,[[277.21112 294.6404  307.2359  352.838  ]],"{'size': [672, 1008], 'counts': b'hgf5n0oc05L4L3N2N2M3M3N1O100010O1O1O1O1O1O1O1O2N1N2N3L4M1N4J5G<EWg[>'}",0.9712867,292.0,348.0,False,False,1,8,455-2,8,430.0,0.0710978835978836,mask_2187,24,tb1gt1ra3_455-2,normal,
2654,mask_2203_12,-0.410103241630685,-3.77919728450946,2.83050810989943,4.29887034425425,2203,5,/work/pi_mbartlett_umass_edu/AmberDeNeve/grass_carpel_ml_quantification_final/experiments/maize_24UM/data/late_planting/tb1gt1ra3/no_treatment/tb1gt1ra3_455-2~0400000008.jpg,late_planting,tb1gt1ra3,no_treatment,1527,0.6780563447626637,[[409.9872    20.374575 443.30472   90.53202 ]],"{'size': [672, 1008], 'counts': b'^T]82Xd0k0I3L4L3N2N2O2M2O1N10101N002N1O1O1O1O1O1O1O0010N2M3M3M2N3L5L2L6QOTib;'}",0.9747711,426.0,616.0,False,False,4,8,455-2,8,2814.0,0.4652777777777778,mask_2203,24,tb1gt1ra3_455-2,0.9625207296849088,0.5238095238095238,0.90178873831092,67.02050018310547,28.9647274017334,2654,-0.410103241630685,-3.77919728450946,2.83050810989943,4.29887034425425,2203,5,/work/pi_mbartlett_umass_edu/AmberDeNeve/grass_carpel_ml_quantification_final/experiments/maize_24UM/data/late_planting/tb1gt1ra3/no_treatment/tb1gt1ra3_455-2~0400000008.jpg,late_planting,tb1gt1ra3,no_treatment,1527,0.6780563447626637,[[409.9872    20.374575 443.30472   90.53202 ]],"{'size': [672, 1008], 'counts': b'^T]82Xd0k0I3L4L3N2N2O2M2O1N10101N002N1O1O1O1O1O1O1O0010N2M3M3M2N3L5L2L6QOTib;'}",0.9747711,426.0,616.0,False,False,4,8,455-2,8,2814.0,0.4652777777777778,mask_2203,24,tb1gt1ra3_455-2,tag,
2674,mask_2212_12,-0.0296924442588913,-1.1988310057083,3.15965962490729,-1.32687035495881,2212,6,/work/pi_mbartlett_umass_edu/AmberDeNeve/grass_carpel_ml_quantification_final/experiments/maize_24UM/data/late_planting/tb1gt1ra3/no_treatment/tb1gt1ra3_455-2~0500000008.jpg,late_planting,tb1gt1ra3,no_treatment,1098,0.8153975041340242,[[354.03848 307.70203 382.7952  364.12164]],"{'size': [672, 1008], 'counts': b'\\YY7`0Zd0;H5L4L4M2N2N2N1O2O000O10000001O1O2N1O1O1O1M4J6K5L6Ih_j<'}",0.9637259,368.0,334.5,False,False,5,8,455-2,8,1741.0,0.2878637566137566,mask_2212,24,tb1gt1ra3_455-2,0.9797265440829798,0.54,0.847965042200743,50.161766052246094,26.58835220336914,2674,-0.0296924442588913,-1.1988310057083,3.15965962490729,-1.32687035495881,2212,6,/work/pi_mbartlett_umass_edu/AmberDeNeve/grass_carpel_ml_quantification_final/experiments/maize_24UM/data/late_planting/tb1gt1ra3/no_treatment/tb1gt1ra3_455-2~0500000008.jpg,late_planting,tb1gt1ra3,no_treatment,1098,0.8153975041340242,[[354.03848 307.70203 382.7952  364.12164]],"{'size': [672, 1008], 'counts': b'\\YY7`0Zd0;H5L4L4M2N2N2N1O2O000O10000001O1O2N1O1O1O1M4J6K5L6Ih_j<'}",0.9637259,368.0,334.5,False,False,5,8,455-2,8,1741.0,0.2878637566137566,mask_2212,24,tb1gt1ra3_455-2,tag,
2706,mask_2227_12,2.47633074086825,1.01121177603137,-1.67930033173459,-2.92602784139769,2227,3,/work/pi_mbartlett_umass_edu/AmberDeNeve/grass_carpel_ml_quantification_final/experiments/maize_24UM/data/late_planting/tb1gt1ra3/no_treatment/tb1gt1ra3_455-3~0000000008.jpg,late_planting,tb1gt1ra3,no_treatment,1037,0.7426196277889706,[[558.07776 294.31363 591.2318  346.59552]],"{'size': [672, 1008], 'counts': b'Z`^;1kd0<F8H3M2N2N2N2O1N2O1O1O001O001O001O01O0O101O001O0O2O001N2O2M5K=A\\[a8'}",0.9443169,574.0,351.0,False,False,0,8,455-3,8,351.0,0.0580357142857142,mask_2227,24,tb1gt1ra3_455-3,0.9712444224095192,0.673469387755102,0.8750612891967366,51.03498840332031,24.70155334472656,2706,2.47633074086825,1.01121177603137,-1.67930033173459,-2.92602784139769,2227,3,/work/pi_mbartlett_umass_edu/AmberDeNeve/grass_carpel_ml_quantification_final/experiments/maize_24UM/data/late_planting/tb1gt1ra3/no_treatment/tb1gt1ra3_455-3~0000000008.jpg,late_planting,tb1gt1ra3,no_treatment,1037,0.7426196277889706,[[558.07776 294.31363 591.2318  346.59552]],"{'size': [672, 1008], 'counts': b'Z`^;1kd0<F8H3M2N2N2N2O1N2O1O1O001O001O001O01O0O101O001O0O2O001N2O2M5K=A\\[a8'}",0.9443169,574.0,351.0,False,False,0,8,455-3,8,351.0,0.0580357142857142,mask_2227,24,tb1gt1ra3_455-3,normal,
2720,mask_2233_12,-0.329022803403395,1.38760032125933,2.45378465628818,-1.44488622809783,2233,5,/work/pi_mbartlett_umass_edu/AmberDeNeve/grass_carpel_ml_quantification_final/experiments/maize_24UM/data/late_planting/tb1gt1ra3/no_treatment/tb1gt1ra3_455-3~0100000008.jpg,late_planting,tb1gt1ra3,no_treatment,625,0.8245333597835283,[[391.34836 338.13702 415.97818 378.13956]],"{'size': [672, 1008], 'counts': b'RXR8;^d0:I6L4M3N1O1O000001O1O101N1O1O2M2O2M3M3M4LjiT<'}",0.9427034,403.5,314.0,False,False,1,8,455-3,8,362.0,0.0598544973544973,mask_2233,24,tb1gt1ra3_455-3,0.9740150880134116,0.5945945945945946,0.8354333424948024,37.14942169189453,20.417016983032227,2720,-0.329022803403395,1.38760032125933,2.45378465628818,-1.44488622809783,2233,5,/work/pi_mbartlett_umass_edu/AmberDeNeve/grass_carpel_ml_quantification_final/experiments/maize_24UM/data/late_planting/tb1gt1ra3/no_treatment/tb1gt1ra3_455-3~0100000008.jpg,late_planting,tb1gt1ra3,no_treatment,625,0.8245333597835283,[[391.34836 338.13702 415.97818 378.13956]],"{'size': [672, 1008], 'counts': b'RXR8;^d0:I6L4M3N1O1O000001O1O101N1O1O2M2O2M3M3M4LjiT<'}",0.9427034,403.5,314.0,False,False,1,8,455-3,8,362.0,0.0598544973544973,mask_2233,24,tb1gt1ra3_455-3,normal,
2774,mask_2258_12,-0.578736682314268,-1.51178616638214,0.381771003433348,0.134315745621684,2258,7,/work/pi_mbartlett_umass_edu/AmberDeNeve/grass_carpel_ml_quantification_final/experiments/maize_24UM/data/late_planting/tb1gt1ra3/no_treatment/tb1gt1ra3_455-3~0600000008.jpg,late_planting,tb1gt1ra3,no_treatment,518,0.8152646571542412,[[415.3814   99.90322 436.83542 136.8197 ]],"{'size': [672, 1008], 'counts': b'\\Sa8`0^d04M2M3O1N3N2N2N010O01O2N1O2N1O2M3N3L5KXXg;'}",0.93595195,425.5,553.5,False,False,6,8,455-3,8,3608.5,0.5965608465608465,mask_2258,24,tb1gt1ra3_455-3,0.9685598377281948,0.5882352941176471,0.856336139076194,34.5220832824707,17.82785415649414,2774,-0.578736682314268,-1.51178616638214,0.381771003433348,0.134315745621684,2258,7,/work/pi_mbartlett_umass_edu/AmberDeNeve/grass_carpel_ml_quantification_final/experiments/maize_24UM/data/late_planting/tb1gt1ra3/no_treatment/tb1gt1ra3_455-3~0600000008.jpg,late_planting,tb1gt1ra3,no_treatment,518,0.8152646571542412,[[415.3814   99.90322 436.83542 136.8197 ]],"{'size': [672, 1008], 'counts': b'\\Sa8`0^d04M2M3O1N3N2N2N010O01O2N1O2N1O2M3N3L5KXXg;'}",0.93595195,425.5,553.5,False,False,6,8,455-3,8,3608.5,0.5965608465608465,mask_2258,24,tb1gt1ra3_455-3,normal,
2887,mask_2309_12,0.255736126082235,-0.509128708096559,-0.478197847928373,-0.849075963920953,2309,0,/work/pi_mbartlett_umass_edu/AmberDeNeve/grass_carpel_ml_quantification_final/experiments/maize_24UM/data/late_planting/tb1gt1ra3/defoliated/tb1gt1ra3_281-2~0200000008.jpg,late_planting,tb1gt1ra3,defoliated,1809,0.8612169489887974,[[476.7153   98.99902 515.8483  159.6741 ]],"{'size': [672, 1008], 'counts': b'mTi9e0Vd0<G4K4M3M3M3N1O1O1O1O1O100O100O10000O1000000001O1N2N2O1M3N2N2N3L3N3K6J6I9EZ]S:'}",0.99316734,495.5,543.0,False,False,2,8,281-2,7,1363.0,0.2535342261904761,mask_2309,24,tb1gt1ra3_281-2,0.984968803176404,0.6440677966101694,0.7838773779272468,59.890846252441406,37.18716430664063,2887,0.255736126082235,-0.509128708096559,-0.478197847928373,-0.849075963920953,2309,0,/work/pi_mbartlett_umass_edu/AmberDeNeve/grass_carpel_ml_quantification_final/experiments/maize_24UM/data/late_planting/tb1gt1ra3/defoliated/tb1gt1ra3_281-2~0200000008.jpg,late_planting,tb1gt1ra3,defoliated,1809,0.8612169489887974,[[476.7153   98.99902 515.8483  159.6741 ]],"{'size': [672, 1008], 'counts': b'mTi9e0Vd0<G4K4M3M3M3N1O1O1O1O1O100O100O10000O1000000001O1N2N2O1M3N2N2N3L3N3K6J6I9EZ]S:'}",0.99316734,495.5,543.0,False,False,2,8,281-2,7,1363.0,0.2535342261904761,mask_2309,24,tb1gt1ra3_281-2,normal,
2990,mask_2356_1,0.292405299297227,-2.02467921564447,-0.0632966098378142,-1.03750344351848,2356,9,/work/pi_mbartlett_umass_edu/AmberDeNeve/grass_carpel_ml_quantification_final/data/maize_21UM_data/late_planting/gt1ra3B73/no_treatment/409-10~0000000008.jpg,late_planting,gt1ra3B73,no_treatment,3452,0.744161585133569,[[296.8922  389.0418  340.74185 487.32007]],"{'size': [672, 1008], 'counts': b'_ZS6d0Qd0c0D9H8H7J5K4M3L3N3M2N1O2O1N1O2N1O100N200O100O1000000001O1O002M2O1N2N3M2M4M3L4L5K8H<B>YOiYe='}",0.9871523,318.5,233.5,False,False,0,8,409-10,9,233.5,0.034672619047619,mask_2356,21,gt1ra3B73_409-10,0.9827991767127316,0.4583333333333333,0.8946361197284022,98.05615997314452,43.81105041503906,2990,0.292405299297227,-2.02467921564447,-0.0632966098378142,-1.03750344351848,2356,9,/work/pi_mbartlett_umass_edu/AmberDeNeve/grass_carpel_ml_quantification_final/data/maize_21UM_data/late_planting/gt1ra3B73/no_treatment/409-10~0000000008.jpg,late_planting,gt1ra3B73,no_treatment,3452,0.744161585133569,[[296.8922  389.0418  340.74185 487.32007]],"{'size': [672, 1008], 'counts': b'_ZS6d0Qd0c0D9H8H7J5K4M3L3N3M2N1O2O1N1O2N1O100N200O100O1000000001O1O002M2O1N2N3M2M4M3L4L5K8H<B>YOiYe='}",0.9871523,318.5,233.5,False,False,0,8,409-10,9,233.5,0.034672619047619,mask_2356,21,gt1ra3B73_409-10,normal,
3090,mask_2400_1,-2.29095669808617,-2.39925083399951,-0.584945277460344,-3.47445596626933,2400,13,/work/pi_mbartlett_umass_edu/AmberDeNeve/grass_carpel_ml_quantification_final/data/maize_21UM_data/late_planting/gt1ra3B73/no_treatment/409-10~0200000008.jpg,late_planting,gt1ra3B73,no_treatment,1983,0.835399489604316,[[594.45264   10.654725 639.2261    72.259254]],"{'size': [672, 1008], 'counts': b'Z`V<a0Zd07M2L4N2M3M6H5N2M2O100O100O1O101N100O1000O10000O010O100O1O1O001O1N2N2O2M2N2O2L3M6J7I9C[Tb7'}",0.9873812,616.5,630.0,False,False,2,8,409-10,9,1624.0,0.241666666666667,mask_2400,21,gt1ra3B73_409-10,0.9734422880490295,0.7457627118644068,0.7655162223161638,61.65368270874024,39.66900253295898,3090,-2.29095669808617,-2.39925083399951,-0.584945277460344,-3.47445596626933,2400,13,/work/pi_mbartlett_umass_edu/AmberDeNeve/grass_carpel_ml_quantification_final/data/maize_21UM_data/late_planting/gt1ra3B73/no_treatment/409-10~0200000008.jpg,late_planting,gt1ra3B73,no_treatment,1983,0.835399489604316,[[594.45264   10.654725 639.2261    72.259254]],"{'size': [672, 1008], 'counts': b'Z`V<a0Zd07M2L4N2M3M6H5N2M2O100O100O1O101N100O1000O10000O010O100O1O1O001O1N2N2O2M2N2O2L3M6J7I9C[Tb7'}",0.9873812,616.5,630.0,False,False,2,8,409-10,9,1624.0,0.241666666666667,mask_2400,21,gt1ra3B73_409-10,normal,
3107,mask_2408_12,1.39568881900084,-2.45758792473215,-1.05107132187194,2.30199490152339,2408,1,/work/pi_mbartlett_umass_edu/AmberDeNeve/grass_carpel_ml_quantification_final/experiments/maize_24UM/data/late_planting/tb1gt1ra3/defoliated/tb1gt1ra3_313-6~0400000008.jpg,late_planting,tb1gt1ra3,defoliated,1062,0.6481057422507939,[[697.48004 313.07986 723.6196  379.13672]],"{'size': [672, 1008], 'counts': b'nf[>h0oc0;J5L4M1O2O0O2O1N1O10001N110O01O1O1N3M3M3K;Cofj5'}",0.97097987,711.0,325.0,False,False,4,8,313-6,5,1359.0,0.3370535714285714,mask_2408,24,tb1gt1ra3_313-6,0.97361993160723,0.3770491803278688,0.9347570245803724,60.363468170166016,21.446393966674805,3107,1.39568881900084,-2.45758792473215,-1.05107132187194,2.30199490152339,2408,1,/work/pi_mbartlett_umass_edu/AmberDeNeve/grass_carpel_ml_quantification_final/experiments/maize_24UM/data/late_planting/tb1gt1ra3/defoliated/tb1gt1ra3_313-6~0400000008.jpg,late_planting,tb1gt1ra3,defoliated,1062,0.6481057422507939,[[697.48004 313.07986 723.6196  379.13672]],"{'size': [672, 1008], 'counts': b'nf[>h0oc0;J5L4M1O2O0O2O1N1O10001N110O01O1O1N3M3M3K;Cofj5'}",0.97097987,711.0,325.0,False,False,4,8,313-6,5,1359.0,0.3370535714285714,mask_2408,24,tb1gt1ra3_313-6,not_sure,
3292,mask_2514_1,-1.18834779282471,-0.717881222224577,0.577987139956656,-0.107367062203893,2514,6,/work/pi_mbartlett_umass_edu/AmberDeNeve/grass_carpel_ml_quantification_final/data/maize_21UM_data/late_planting/gt1ra3B73/no_treatment/409-10~0800000008.jpg,late_planting,gt1ra3B73,no_treatment,1724,0.780448233126332,[[260.2916  163.82707 302.49896 227.793  ]],"{'size': [672, 1008], 'counts': b'[_[5a0]d05J5L3M3L3N2N2N2O2M2O1O1N2O1O1O001O1O001O01O00001O1O1N1O2O1N3M2N2N2O2M2N3M4L4K8GaT_>'}",0.9901197,281.0,475.0,False,False,8,8,409-10,9,4009.0,0.596577380952381,mask_2514,21,gt1ra3B73_409-10,0.980991980991981,0.6721311475409836,0.8690084870803069,65.29788208007812,32.309207916259766,3292,-1.18834779282471,-0.717881222224577,0.577987139956656,-0.107367062203893,2514,6,/work/pi_mbartlett_umass_edu/AmberDeNeve/grass_carpel_ml_quantification_final/data/maize_21UM_data/late_planting/gt1ra3B73/no_treatment/409-10~0800000008.jpg,late_planting,gt1ra3B73,no_treatment,1724,0.780448233126332,[[260.2916  163.82707 302.49896 227.793  ]],"{'size': [672, 1008], 'counts': b'[_[5a0]d05J5L3M3L3N2N2N2O2M2O1O1N2O1O1O001O1O001O01O00001O1O1N1O2O1N3M2N2N2O2M2N3M4L4K8GaT_>'}",0.9901197,281.0,475.0,False,False,8,8,409-10,9,4009.0,0.596577380952381,mask_2514,21,gt1ra3B73_409-10,normal,
3426,mask_2624_1,-0.775839321478079,0.0123351626310526,0.712846397605784,-0.738063324616043,2624,1,/work/pi_mbartlett_umass_edu/AmberDeNeve/grass_carpel_ml_quantification_final/data/maize_21UM_data/late_planting/gt1ra3B73/no_treatment/409-2~0700000008.jpg,late_planting,gt1ra3B73,no_treatment,1793,0.809729260719418,[[398.29367 212.98859 433.73633 281.80283]],"{'size': [672, 1008], 'counts': b'eRV8h0Sd07I6J6K5M2O2M3N2O1N1O2O0O2N1000000000000001N2O0O3M2O2L3N3L3N3K5J9EjSi;'}",0.98853195,415.5,424.5,False,False,7,8,409-2,8,3130.0,0.517526455026455,mask_2624,21,gt1ra3B73_409-2,0.9828326180257512,0.53125,0.8529605246404253,65.0457992553711,33.95230865478516,3426,-0.775839321478079,0.0123351626310526,0.712846397605784,-0.738063324616043,2624,1,/work/pi_mbartlett_umass_edu/AmberDeNeve/grass_carpel_ml_quantification_final/data/maize_21UM_data/late_planting/gt1ra3B73/no_treatment/409-2~0700000008.jpg,late_planting,gt1ra3B73,no_treatment,1793,0.809729260719418,[[398.29367 212.98859 433.73633 281.80283]],"{'size': [672, 1008], 'counts': b'eRV8h0Sd07I6J6K5M2O2M3N2O1N1O2O0O2N1000000000000001N2O0O3M2O2L3N3L3N3K5J9EjSi;'}",0.98853195,415.5,424.5,False,False,7,8,409-2,8,3130.0,0.517526455026455,mask_2624,21,gt1ra3B73_409-2,normal,
3444,mask_264_1,3.97813640761616,-0.0670817213282326,2.10012929592009,-2.09812788874598,264,8,/work/pi_mbartlett_umass_edu/AmberDeNeve/grass_carpel_ml_quantification_final/data/maize_21UM_data/early_planting/gt1ra3B73/defoliated/158-1~0500000008.jpg,early_planting,gt1ra3B73,defoliated,1659,0.658856784845291,[[356.375   336.06012 391.53946 405.79935]],"{'size': [672, 1008], 'counts': b'cdZ7e0Xd06K3N3YOWOQ]Om0jb0ZOP]Oi0mb0f0O2N2O000010O1O1O101N1O2N3M2N2O0O2N2N3M2N3M1O2M2O2M4G;C\\ad<'}",0.948621,373.5,301.0,False,False,5,8,158-1,7,1540.0,0.286458333333333,mask_264,21,gt1ra3B73_158-1,0.945508982035928,0.4927536231884058,0.8864689551480602,68.8570327758789,31.866212844848636,3444,3.97813640761616,-0.0670817213282326,2.10012929592009,-2.09812788874598,264,8,/work/pi_mbartlett_umass_edu/AmberDeNeve/grass_carpel_ml_quantification_final/data/maize_21UM_data/early_planting/gt1ra3B73/defoliated/158-1~0500000008.jpg,early_planting,gt1ra3B73,defoliated,1659,0.658856784845291,[[356.375   336.06012 391.53946 405.79935]],"{'size': [672, 1008], 'counts': b'cdZ7e0Xd06K3N3YOWOQ]Om0jb0ZOP]Oi0mb0f0O2N2O000010O1O1O101N1O2N3M2N2O0O2N2N3M2N3M1O2M2O2M4G;C\\ad<'}",0.948621,373.5,301.0,False,False,5,8,158-1,7,1540.0,0.286458333333333,mask_264,21,gt1ra3B73_158-1,tag,
3620,mask_2784_1,-0.806594319336294,5.26343505177346,-3.61172661412286,-0.503312693123603,2784,19,/work/pi_mbartlett_umass_edu/AmberDeNeve/grass_carpel_ml_quantification_final/data/maize_21UM_data/late_planting/gt1ra3B73/no_treatment/409-6~0000000008.jpg,late_planting,gt1ra3B73,no_treatment,2072,0.755541499988619,[[255.98274 407.35672 295.86786 479.7292 ]],"{'size': [672, 1008], 'counts': b'QSY5b0Yd08I6I6L4M3M2N2M4L3N3N1O1N3N1O1O1O2N1000000001N2O1O2N1N2OO10O1O1O1N2L6G=YOZUd>'}",0.94856036,275.0,228.5,False,False,0,8,409-6,9,228.5,0.0339285714285714,mask_2784,21,gt1ra3B73_409-6,0.9699853587115668,0.5285714285714286,0.8653922597210381,72.16670989990234,36.16238021850586,3620,-0.806594319336294,5.26343505177346,-3.61172661412286,-0.503312693123603,2784,19,/work/pi_mbartlett_umass_edu/AmberDeNeve/grass_carpel_ml_quantification_final/data/maize_21UM_data/late_planting/gt1ra3B73/no_treatment/409-6~0000000008.jpg,late_planting,gt1ra3B73,no_treatment,2072,0.755541499988619,[[255.98274 407.35672 295.86786 479.7292 ]],"{'size': [672, 1008], 'counts': b'QSY5b0Yd08I6I6L4M3M2N2M4L3N3N1O1N3N1O1O1O2N1000000001N2O1O2N1N2OO10O1O1O1N2L6G=YOZUd>'}",0.94856036,275.0,228.5,False,False,0,8,409-6,9,228.5,0.0339285714285714,mask_2784,21,gt1ra3B73_409-6,not_sure,
3658,mask_2814_1,-0.343801311744773,0.767173149547348,-3.76252737410383,-0.178791389454333,2814,8,/work/pi_mbartlett_umass_edu/AmberDeNeve/grass_carpel_ml_quantification_final/data/maize_21UM_data/late_planting/gt1ra3B73/no_treatment/409-6~0200000008.jpg,late_planting,gt1ra3B73,no_treatment,2126,0.853209545908196,[[381.0974  106.44724 423.46198 176.2403 ]],"{'size': [672, 1008], 'counts': b'`jj7?Zd0<E8K4M4L2N4L3N2N2N2N2N1O10000O100O100O1000O1000001N2O1O0N3N2N1N3N2M3N2M3L5K5K6HUio;'}",0.99079084,402.0,529.0,False,False,2,8,409-6,9,1321.0,0.196577380952381,mask_2814,21,gt1ra3B73_409-6,0.9841384282624368,0.6307692307692307,0.7891039071968416,65.25724792480469,40.08489990234375,3658,-0.343801311744773,0.767173149547348,-3.76252737410383,-0.178791389454333,2814,8,/work/pi_mbartlett_umass_edu/AmberDeNeve/grass_carpel_ml_quantification_final/data/maize_21UM_data/late_planting/gt1ra3B73/no_treatment/409-6~0200000008.jpg,late_planting,gt1ra3B73,no_treatment,2126,0.853209545908196,[[381.0974  106.44724 423.46198 176.2403 ]],"{'size': [672, 1008], 'counts': b'`jj7?Zd0<E8K4M4L2N4L3N2N2N2N2N1O10000O100O100O1000O1000001N2O1O0N3N2N1N3N2M3N2M3L5K5K6HUio;'}",0.99079084,402.0,529.0,False,False,2,8,409-6,9,1321.0,0.196577380952381,mask_2814,21,gt1ra3B73_409-6,normal,
3702,mask_2850_1,-1.12433471406583,3.09757764276011,0.386601124299469,-4.4594933054581,2850,8,/work/pi_mbartlett_umass_edu/AmberDeNeve/grass_carpel_ml_quantification_final/data/maize_21UM_data/late_planting/gt1ra3B73/no_treatment/409-6~0400000008.jpg,late_planting,gt1ra3B73,no_treatment,2320,0.860888879499217,[[368.76282 255.79881 415.99713 323.05463]],"{'size': [672, 1008], 'counts': b'g]b79ad0=F7J5K4M3M4L4L4L2N3N1N2O0O100000001O010O0010O00001O001O001O001O1N1O2N2M3L4N2M3L4M3M4L3K6M[lT<'}",0.9905387,391.5,382.0,False,False,4,8,409-6,9,1644.0,0.244642857142857,mask_2850,21,gt1ra3B73_409-6,0.9813719044488276,0.7076923076923077,0.7192780763961071,64.39506530761719,44.73668670654297,3702,-1.12433471406583,3.09757764276011,0.386601124299469,-4.4594933054581,2850,8,/work/pi_mbartlett_umass_edu/AmberDeNeve/grass_carpel_ml_quantification_final/data/maize_21UM_data/late_planting/gt1ra3B73/no_treatment/409-6~0400000008.jpg,late_planting,gt1ra3B73,no_treatment,2320,0.860888879499217,[[368.76282 255.79881 415.99713 323.05463]],"{'size': [672, 1008], 'counts': b'g]b79ad0=F7J5K4M3M4L4L4L2N3N1N2O0O100000001O010O0010O00001O001O001O001O1N1O2N2M3L4N2M3L4M3M4L3K6M[lT<'}",0.9905387,391.5,382.0,False,False,4,8,409-6,9,1644.0,0.244642857142857,mask_2850,21,gt1ra3B73_409-6,normal,
4142,mask_321_12,3.43350551503103,1.10758393325842,-0.64739008858651,-1.24061489259425,321,5,/work/pi_mbartlett_umass_edu/AmberDeNeve/grass_carpel_ml_quantification_final/experiments/maize_24UM/data/early_planting/gt1ra3B73/no_treatment/gt1ra3_266-1~0100000008.jpg,early_planting,gt1ra3B73,no_treatment,3090,0.6497169177760017,[[409.79837 336.40768 447.25665 439.9661 ]],"{'size': [672, 1008], 'counts': b'h]]8n0jc0h0[O?A8I6L3M3M2O1O1N3N100O1O1O1O10000001O3L3N3M2N1O1O001N2L4L5M4M3K4J6F>E`i_;'}",0.90513885,428.0,283.0,False,False,1,8,266-1,9,300.0,0.0446428571428571,mask_321,24,gt1ra3B73_266-1,0.9738262718796008,0.3663366336633663,0.932147641197629,103.4139175415039,37.443946838378906,4142,3.43350551503103,1.10758393325842,-0.64739008858651,-1.24061489259425,321,5,/work/pi_mbartlett_umass_edu/AmberDeNeve/grass_carpel_ml_quantification_final/experiments/maize_24UM/data/early_planting/gt1ra3B73/no_treatment/gt1ra3_266-1~0100000008.jpg,early_planting,gt1ra3B73,no_treatment,3090,0.6497169177760017,[[409.79837 336.40768 447.25665 439.9661 ]],"{'size': [672, 1008], 'counts': b'h]]8n0jc0h0[O?A8I6L3M3M2O1O1N3N100O1O1O1O10000001O3L3N3M2N1O1O001N2L4L5M4M3K4J6F>E`i_;'}",0.90513885,428.0,283.0,False,False,1,8,266-1,9,300.0,0.0446428571428571,mask_321,24,gt1ra3B73_266-1,not_sure,
4785,mask_460_12,1.50137341760532,-1.04573881418078,-1.95072883102423,1.32530644545765,460,6,/work/pi_mbartlett_umass_edu/AmberDeNeve/grass_carpel_ml_quantification_final/experiments/maize_24UM/data/early_planting/gt1ra3B73/no_treatment/gt1ra3_266-5~0600000008.jpg,early_planting,gt1ra3B73,no_treatment,1222,0.7407303017983994,[[486.52902 148.02733 517.9519  208.55977]],"{'size': [672, 1008], 'counts': b'Pio95fd08F9J5M4L3M2N2N3N1N2O1N200O1O1O2N1O1O001O10O1O2M3M2L5K6J<BQRR:'}",0.97642833,501.5,492.5,False,False,6,8,266-5,8,3181.5,0.5259589947089947,mask_460,24,gt1ra3B73_266-5,0.969024696525743,0.5357142857142857,0.8830361577455599,56.91584014892578,26.710886001586918,4785,1.50137341760532,-1.04573881418078,-1.95072883102423,1.32530644545765,460,6,/work/pi_mbartlett_umass_edu/AmberDeNeve/grass_carpel_ml_quantification_final/experiments/maize_24UM/data/early_planting/gt1ra3B73/no_treatment/gt1ra3_266-5~0600000008.jpg,early_planting,gt1ra3B73,no_treatment,1222,0.7407303017983994,[[486.52902 148.02733 517.9519  208.55977]],"{'size': [672, 1008], 'counts': b'Pio95fd08F9J5M4L3M2N2N3N1N2O1N200O1O1O2N1O1O001O10O1O2M3M2L5K6J<BQRR:'}",0.97642833,501.5,492.5,False,False,6,8,266-5,8,3181.5,0.5259589947089947,mask_460,24,gt1ra3B73_266-5,tag,
4831,mask_481_12,-3.74223423324301,1.31906111892609,-0.476674878272498,0.582204415536108,481,11,/work/pi_mbartlett_umass_edu/AmberDeNeve/grass_carpel_ml_quantification_final/experiments/maize_24UM/data/early_planting/gt1ra3B73/no_treatment/gt1ra3_266-9~0000000008.jpg,early_planting,gt1ra3B73,no_treatment,2663,0.8567084636643978,[[489.01077   0.      535.6278   69.70968]],"{'size': [672, 1008], 'counts': b'nbQ:k0oc09F9J6J5M3M3M3N2O0O100000000O10000000000000000001O00000O100O2O0M4N1N2O2N2N2N2N2L4L4L5L4Ke\\f9'}",0.9044526,512.0,638.0,True,False,0,8,266-9,6,638.0,0.1356292517006802,mask_481,24,gt1ra3B73_266-9,0.985632183908046,0.6521739130434783,0.7809106561690876,72.92210388183594,45.55026245117188,4831,-3.74223423324301,1.31906111892609,-0.476674878272498,0.582204415536108,481,11,/work/pi_mbartlett_umass_edu/AmberDeNeve/grass_carpel_ml_quantification_final/experiments/maize_24UM/data/early_planting/gt1ra3B73/no_treatment/gt1ra3_266-9~0000000008.jpg,early_planting,gt1ra3B73,no_treatment,2663,0.8567084636643978,[[489.01077   0.      535.6278   69.70968]],"{'size': [672, 1008], 'counts': b'nbQ:k0oc09F9J6J5M3M3M3N2O0O100000000O10000000000000000001O00000O100O2O0M4N1N2O2N2N2N2N2L4L4L5L4Ke\\f9'}",0.9044526,512.0,638.0,True,False,0,8,266-9,6,638.0,0.1356292517006802,mask_481,24,gt1ra3B73_266-9,not_sure,
5414,mask_748_1,2.58679799565107,3.9786908165095,-0.901904296951666,-1.79629183077316,748,11,/work/pi_mbartlett_umass_edu/AmberDeNeve/grass_carpel_ml_quantification_final/data/maize_21UM_data/early_planting/gt1ra3B73/no_treatment/154-8~0200000008.jpg,early_planting,gt1ra3B73,no_treatment,2399,0.544321702366193,[[300.07953 300.62012 341.30557 387.35107]],"{'size': [672, 1008], 'counts': b'ckU6n0mc08J6K4L4L4L3N2O0N3N100O2N2HoM]]OS2ab07N3M200O1O100000eMk]Ok1Ub0UNl]Oi1Ub0SNP^Ol1Qb0QNS^Om1ma0SNS^Ol1ma0VNS^Of1Pb0]Nm]Oa1Ub0]No]O`1Rb0^NQ^O_1jb0N2N2N3M2L6J7GbQf='}",0.9676798,320.0,328.0,False,False,2,8,154-8,8,718.0,0.118716931216931,mask_748,21,gt1ra3B73_154-8,0.8957438500585708,0.4588235294117647,0.8869582701961584,82.98908233642578,38.32847213745117,5414,2.58679799565107,3.9786908165095,-0.901904296951666,-1.79629183077316,748,11,/work/pi_mbartlett_umass_edu/AmberDeNeve/grass_carpel_ml_quantification_final/data/maize_21UM_data/early_planting/gt1ra3B73/no_treatment/154-8~0200000008.jpg,early_planting,gt1ra3B73,no_treatment,2399,0.544321702366193,[[300.07953 300.62012 341.30557 387.35107]],"{'size': [672, 1008], 'counts': b'ckU6n0mc08J6K4L4L4L3N2O0N3N100O2N2HoM]]OS2ab07N3M200O1O100000eMk]Ok1Ub0UNl]Oi1Ub0SNP^Ol1Qb0QNS^Om1ma0SNS^Ol1ma0VNS^Of1Pb0]Nm]Oa1Ub0]No]O`1Rb0^NQ^O_1jb0N2N2N3M2L6J7GbQf='}",0.9676798,320.0,328.0,False,False,2,8,154-8,8,718.0,0.118716931216931,mask_748,21,gt1ra3B73_154-8,tag,
5585,mask_825_12,0.24810750880629,-0.468777300628105,0.594257781927,-0.56931073947718,825,4,/work/pi_mbartlett_umass_edu/AmberDeNeve/grass_carpel_ml_quantification_final/experiments/maize_24UM/data/early_planting/tb1gt1ra3/gt1ra3tb1_264-1~0000000008.jpg,early_planting,tb1gt1ra3,no_treatment,1142,0.8493848142808627,[[424.90912 181.0763  459.2776  228.49168]],"{'size': [672, 1008], 'counts': b'VSg8=`d06K4L4M4J5L4M2N2N10001O000001O1O001O1O001O2N1O1N3N2N3L4L3M4L3M4K_gX;'}",0.939725,441.0,467.5,False,False,0,8,264-1,8,467.5,0.0772156084656084,mask_825,24,tb1gt1ra3_264-1,0.9787906137184116,0.717391304347826,0.7670321680643818,46.87464904785156,30.075180053710938,5585,0.24810750880629,-0.468777300628105,0.594257781927,-0.56931073947718,825,4,/work/pi_mbartlett_umass_edu/AmberDeNeve/grass_carpel_ml_quantification_final/experiments/maize_24UM/data/early_planting/tb1gt1ra3/gt1ra3tb1_264-1~0000000008.jpg,early_planting,tb1gt1ra3,no_treatment,1142,0.8493848142808627,[[424.90912 181.0763  459.2776  228.49168]],"{'size': [672, 1008], 'counts': b'VSg8=`d06K4L4M4J5L4M2N2N10001O000001O1O001O1O001O2N1O1N3N2N3L4L3M4L3M4K_gX;'}",0.939725,441.0,467.5,False,False,0,8,264-1,8,467.5,0.0772156084656084,mask_825,24,tb1gt1ra3_264-1,normal,
5600,mask_832_1,0.200499788685735,2.88376823406067,-1.32609285043953,-0.247276372031285,832,16,/work/pi_mbartlett_umass_edu/AmberDeNeve/grass_carpel_ml_quantification_final/data/maize_21UM_data/early_planting/gt1ra3B73/no_treatment/158-10~0200000008.jpg,early_planting,gt1ra3B73,no_treatment,4152,0.730038082327903,[[169.3715   56.05579 226.54861 160.0542 ]],"{'size': [672, 1008], 'counts': b'fd_3`0Zd0;H7H6L5J6K7J7I5K5J7J5L3L4M3M1O2OO00010O001O1O000000001O001O001O1O001O1O1O1O1N2O2N1O2N2M3N3L5K?A7I6J3M<D;Bk[R`0'}",0.977362,196.5,563.0,False,False,2,8,158-10,6,1423.0,0.30250850340136,mask_832,21,gt1ra3B73_158-10,0.974613152804642,0.5346534653465347,0.8933717447977003,108.12773895263672,48.583770751953125,5600,0.200499788685735,2.88376823406067,-1.32609285043953,-0.247276372031285,832,16,/work/pi_mbartlett_umass_edu/AmberDeNeve/grass_carpel_ml_quantification_final/data/maize_21UM_data/early_planting/gt1ra3B73/no_treatment/158-10~0200000008.jpg,early_planting,gt1ra3B73,no_treatment,4152,0.730038082327903,[[169.3715   56.05579 226.54861 160.0542 ]],"{'size': [672, 1008], 'counts': b'fd_3`0Zd0;H7H6L5J6K7J7I5K5J7J5L3L4M3M1O2OO00010O001O1O000000001O001O001O1O001O1O1O1O1N2O2N1O2N2M3N3L5K?A7I6J3M<D;Bk[R`0'}",0.977362,196.5,563.0,False,False,2,8,158-10,6,1423.0,0.30250850340136,mask_832,21,gt1ra3B73_158-10,not_sure,
5609,mask_836_12,-2.04708336330994,0.349571271945507,-0.887376078949865,-0.670212008838811,836,6,/work/pi_mbartlett_umass_edu/AmberDeNeve/grass_carpel_ml_quantification_final/experiments/maize_24UM/data/early_planting/tb1gt1ra3/gt1ra3tb1_264-1~0200000008.jpg,early_planting,tb1gt1ra3,no_treatment,1335,0.8780423149655178,[[598.461   322.15604 634.68274 373.16818]],"{'size': [672, 1008], 'counts': b'iRZ<:3MTd0c0M3M3N2M3N2N2N1N2O100O2O0O100O100000O100O100O2N1O2M2O2M3N2M4K5L6JaSe7'}",0.9719663,616.5,324.0,False,False,2,8,264-1,8,706.0,0.1167328042328042,mask_836,24,tb1gt1ra3_264-1,0.9826455842653298,0.6938775510204082,0.7524691024161028,49.69205093383789,32.728553771972656,5609,-2.04708336330994,0.349571271945507,-0.887376078949865,-0.670212008838811,836,6,/work/pi_mbartlett_umass_edu/AmberDeNeve/grass_carpel_ml_quantification_final/experiments/maize_24UM/data/early_planting/tb1gt1ra3/gt1ra3tb1_264-1~0200000008.jpg,early_planting,tb1gt1ra3,no_treatment,1335,0.8780423149655178,[[598.461   322.15604 634.68274 373.16818]],"{'size': [672, 1008], 'counts': b'iRZ<:3MTd0c0M3M3N2M3N2N2N1N2O100O2O0O100O100000O100O100O2N1O2M2O2M3N2M4K5L6JaSe7'}",0.9719663,616.5,324.0,False,False,2,8,264-1,8,706.0,0.1167328042328042,mask_836,24,tb1gt1ra3_264-1,not_sure,
5682,mask_87_1,-0.326827802623274,-4.24225848140841,-1.99157383560184,-1.25803984247435,87,10,/work/pi_mbartlett_umass_edu/AmberDeNeve/grass_carpel_ml_quantification_final/data/maize_21UM_data/early_planting/gt1ra3B73/defoliated/154-1~0700000008.jpg,early_planting,gt1ra3B73,defoliated,1492,0.796792307526156,[[358.431   185.74573 393.23306 245.87636]],"{'size': [672, 1008], 'counts': b']i[7`0^d07I4L4M6K5J2O1N2O2N000O1N3N1O1O1O10000001O001N2O1O2N2M3M3K6H7J6I8J`\\c<'}",0.92764616,375.5,455.0,False,False,7,8,154-1,9,3374.0,0.502083333333333,mask_87,21,gt1ra3B73_154-1,0.9650729060698542,0.5964912280701754,0.8117562970192524,56.11453628540039,32.77068328857422,5682,-0.326827802623274,-4.24225848140841,-1.99157383560184,-1.25803984247435,87,10,/work/pi_mbartlett_umass_edu/AmberDeNeve/grass_carpel_ml_quantification_final/data/maize_21UM_data/early_planting/gt1ra3B73/defoliated/154-1~0700000008.jpg,early_planting,gt1ra3B73,defoliated,1492,0.796792307526156,[[358.431   185.74573 393.23306 245.87636]],"{'size': [672, 1008], 'counts': b']i[7`0^d07I4L4M6K5J2O1N2O2N000O1N3N1O1O1O10000001O001N2O1O2N2M3M3K6H7J6I8J`\\c<'}",0.92764616,375.5,455.0,False,False,7,8,154-1,9,3374.0,0.502083333333333,mask_87,21,gt1ra3B73_154-1,not_sure,
5703,mask_879_12,-0.029860642462443,-0.0720507561251342,0.569904613910333,-1.05054153983769,879,5,/work/pi_mbartlett_umass_edu/AmberDeNeve/grass_carpel_ml_quantification_final/experiments/maize_24UM/data/early_planting/tb1gt1ra3/gt1ra3tb1_264-9~0200000008.jpg,early_planting,tb1gt1ra3,no_treatment,1567,0.8406021529795505,[[613.3095  141.82877 649.379   205.03339]],"{'size': [672, 1008], 'counts': b']Sc<?]d08H8H5M4L3M3M3N1O2N1O2N100O100O11O00001O1O1O1O1N3N1N2O1M3N2N2N4J;BkR\\7'}",0.9583122,630.5,497.5,False,False,2,8,264-9,6,1226.5,0.2606292517006803,mask_879,24,tb1gt1ra3_264-9,0.9816633922724296,0.5862068965517241,0.8091380654654897,57.28264617919922,33.66034698486328,5703,-0.029860642462443,-0.0720507561251342,0.569904613910333,-1.05054153983769,879,5,/work/pi_mbartlett_umass_edu/AmberDeNeve/grass_carpel_ml_quantification_final/experiments/maize_24UM/data/early_planting/tb1gt1ra3/gt1ra3tb1_264-9~0200000008.jpg,early_planting,tb1gt1ra3,no_treatment,1567,0.8406021529795505,[[613.3095  141.82877 649.379   205.03339]],"{'size': [672, 1008], 'counts': b']Sc<?]d08H8H5M4L3M3M3N1O2N1O2N100O100O11O00001O1O1O1O1N3N1N2O1M3N2N2N4J;BkR\\7'}",0.9583122,630.5,497.5,False,False,2,8,264-9,6,1226.5,0.2606292517006803,mask_879,24,tb1gt1ra3_264-9,not_sure,
5815,mask_929_12,-0.873774913727026,0.716639268428899,-1.79445788362088,-1.68614342547756,929,0,/work/pi_mbartlett_umass_edu/AmberDeNeve/grass_carpel_ml_quantification_final/experiments/maize_24UM/data/early_planting/tb1gt1ra3/tb1gt1ra3_264-1~0200000008.jpg,early_planting,tb1gt1ra3,no_treatment,2830,0.8126241428343399,[[439.23898 163.4086  485.7498  242.44681]],"{'size': [672, 1008], 'counts': b'lmP9f0Sd0=F7K6J5L4L3M3M3N1N2N2O1N2N10001N10010O0001O001O001O001O0O101O1N101N2O1N3N2M3M4M6H?B6J7G^Pg:'}",0.9889692,462.0,469.5,False,False,2,8,264-1,8,1142.5,0.1888227513227513,mask_929,24,tb1gt1ra3_264-1,0.9806451612903224,0.5769230769230769,0.834392971826571,79.92249298095703,44.050880432128906,5815,-0.873774913727026,0.716639268428899,-1.79445788362088,-1.68614342547756,929,0,/work/pi_mbartlett_umass_edu/AmberDeNeve/grass_carpel_ml_quantification_final/experiments/maize_24UM/data/early_planting/tb1gt1ra3/tb1gt1ra3_264-1~0200000008.jpg,early_planting,tb1gt1ra3,no_treatment,2830,0.8126241428343399,[[439.23898 163.4086  485.7498  242.44681]],"{'size': [672, 1008], 'counts': b'lmP9f0Sd0=F7K6J5L4L3M3M3N1N2N2O1N2N10001N10010O0001O001O001O001O0O101O1N101N2O1N3N2M3M4M6H?B6J7G^Pg:'}",0.9889692,462.0,469.5,False,False,2,8,264-1,8,1142.5,0.1888227513227513,mask_929,24,tb1gt1ra3_264-1,normal,
5820,mask_931_1,-1.76760135118423,2.86678539272288,0.565092380793001,0.260828940623086,931,17,/work/pi_mbartlett_umass_edu/AmberDeNeve/grass_carpel_ml_quantification_final/data/maize_21UM_data/early_planting/gt1ra3B73/no_treatment/158-2~0300000008.jpg,early_planting,gt1ra3B73,no_treatment,2043,0.826687254516121,[[479.0149  102.06158 518.6503  172.57658]],"{'size': [672, 1008], 'counts': b'P_j9i0Rd0=F6J5K3N2M3N1N3N1O1O1O10000000000001O001O001O001O001N1N3N2L4N2L4L5J6J6K6HWSR:'}",0.9751325,497.5,533.0,False,False,3,8,158-2,7,1866.0,0.347098214285714,mask_931,21,gt1ra3B73_158-2,0.9854417670682732,0.5846153846153846,0.8259817397631709,66.96343994140625,37.7470817565918,5820,-1.76760135118423,2.86678539272288,0.565092380793001,0.260828940623086,931,17,/work/pi_mbartlett_umass_edu/AmberDeNeve/grass_carpel_ml_quantification_final/data/maize_21UM_data/early_planting/gt1ra3B73/no_treatment/158-2~0300000008.jpg,early_planting,gt1ra3B73,no_treatment,2043,0.826687254516121,[[479.0149  102.06158 518.6503  172.57658]],"{'size': [672, 1008], 'counts': b'P_j9i0Rd0=F6J5K3N2M3N1N3N1O1O1O10000000000001O001O001O001O001N1N3N2L4N2L4L5J6J6K6HWSR:'}",0.9751325,497.5,533.0,False,False,3,8,158-2,7,1866.0,0.347098214285714,mask_931,21,gt1ra3B73_158-2,normal,
5910,mask_972_12,-0.938260589517072,-0.150068646340642,1.45076548661892,2.15772316660094,972,5,/work/pi_mbartlett_umass_edu/AmberDeNeve/grass_carpel_ml_quantification_final/experiments/maize_24UM/data/early_planting/tb1gt1ra3/tb1gt1ra3_265-1~0100000008.jpg,early_planting,tb1gt1ra3,no_treatment,986,0.7972040591756666,[[463.68106 330.279   491.45325 381.83203]],"{'size': [672, 1008], 'counts': b'mj`9b0Xd09J5L4M2M4M2N2N101O0000000001O1O1O2N3L5L4K3M3M4K5Jmbc:'}",0.970214,476.5,316.5,False,False,1,8,265-1,6,367.0,0.0780187074829932,mask_972,24,tb1gt1ra3_265-1,0.976878612716763,0.5416666666666666,0.863855891238442,48.9756088256836,24.67092514038086,5910,-0.938260589517072,-0.150068646340642,1.45076548661892,2.15772316660094,972,5,/work/pi_mbartlett_umass_edu/AmberDeNeve/grass_carpel_ml_quantification_final/experiments/maize_24UM/data/early_planting/tb1gt1ra3/tb1gt1ra3_265-1~0100000008.jpg,early_planting,tb1gt1ra3,no_treatment,986,0.7972040591756666,[[463.68106 330.279   491.45325 381.83203]],"{'size': [672, 1008], 'counts': b'mj`9b0Xd09J5L4M2M4M2N2N101O0000000001O1O1O2N3L5L4K3M3M4K5Jmbc:'}",0.970214,476.5,316.5,False,False,1,8,265-1,6,367.0,0.0780187074829932,mask_972,24,tb1gt1ra3_265-1,normal,
